RobustOnly,Land,Kod,Parti,Partikod,År,Rile,Status,EU,Dubious,Regering,Support,G,Seats,Rseats,MM,Cseats,Cperseats,NameC,PositionC,PMseats,WW,NamePM,PositionPM,C,LargForm,SS,cult,econ,cultPM,econPM,RR,PP,EE,NN,SET,M,S,W,RRsc,RRse,R,PPsc,PPse,P,E,N,T
1,Tyskland,W,AfD,AfD2017,2017,Right,Party,1952,0,0,0,0,709,94,13.26,246,34.7,CDU,R,246,34.7,CDU,R,1,F,0,3.463461698,0.139510083,1.393681867,-0.07376998,3.463461698,-2.069779832,0,5.58,0,1,0.501246883,0.03,0.085568028,1,0.085568028,0.077017166,0.560500046,0.077017166,0,0.384,0
1,Frankrike,W,FN,FN1997a,1997,Right,Party,1952,0,0,0,0,577,1,0.17,140,24.26,RPR,R,255,44.19,PS,L,0,F,0,4.204692619,0.310212508,0.452074207,0.310005846,4.204692619,-3.752618412,0,3.54,0,0,0.501246883,0,0,1,0,0,0.015689268,0,0,0.792,0
1,Frankrike,W,FN,FN1997b,1997,Right,Party,1952,0,0,0,0,577,1,0.17,140,24.26,RPR,R,140,24.26,RPR,R,1,F,0,4.204692619,0.310212508,0.587659555,2.39781527,4.204692619,-3.617033064,0,3.54,0,0,0.501246883,1,0,1,0,0,0.060585078,0,0,0.792,0
1,Frankrike,W,FN,FN2012,2012,Right,Party,1952,0,0,0,0,577,2,0.35,199,34.49,UMP,R,292,50.61,PS,L,0,F,0,3.147935708,-0.329665766,0.546806684,-0.643641371,3.147935708,-2.601129024,0,2.83,0,0,0.501246883,0,0.230304721,0.879454411,0.230304721,0,0.396977144,0,0,0.934,0
1,Frankrike,W,FN,FN2017,2017,Right,Party,1952,0,0,0,0,577,8,1.39,113,19.58,UMP,R,113,19.58,UMP,R,1,F,1.04,3.917982402,-1.371660864,2.113168619,1.366767778,3.917982402,-1.804813783,5,3,0,0,0.630922693,1,0,0.426517789,0,0.19025052,0.633292917,0.19025052,0.125,0.9,0
1,Ungern,E,Jobbik,Jobbik2010,2010,Right,Party,2004,0,0,0,0,386,47,12.18,227,58.81,Fidesz,R,227,58.81,Fidesz,R,1,F,0,2.868031759,-0.793388381,2.618797104,-1.051462492,2.868031759,-0.249234656,0,2,0,1,0.501246883,0,0.358701028,0.679573974,0.358701028,0.884613585,1,0.884613585,0,1,0
1,Ungern,E,Jobbik,Jobbik2014,2014,Right,Party,2004,0,0,0,0,199,23,11.56,133,66.83,Fidesz,R,133,66.83,Fidesz,R,1,F,-0.62,3.240165275,-0.793567926,4.07750185,-0.03700183,3.240165275,0,4,2.01,0,1,0.191919192,0,0.18799758,0.679496584,0.18799758,1,1,1,0,1,0
1,Grekland,W,KKE,KKE1993,1993,Left,Party,1981,0,0,0,0,300,9,3,170,56.67,PASOK,L,170,56.67,PASOK,L,1,F,0,0.761752283,-3.806656268,2.443691822,-0.605005936,-3.806656268,-3.201650332,19,2.37,0,0.1,0.501246883,0,1,0,0,0,0.198129029,0.198129029,1,1,0
1,Grekland,W,KKE,KKE1996,1996,Left,Party,1981,0,0,0,0,300,11,3.67,162,54,PASOK,L,162,54,PASOK,L,1,F,0.67,1.299476801,-3.89192315,2.167053467,0.047355335,-3.89192315,-3.939278485,22,2.36,0,0.234,0.58478803,0,1,0,0,0,0,0,1,1,0
1,Grekland,W,KKE,KKE2000,2000,Left,Party,1981,0,0,0,0,300,11,3.67,158,52.67,PASOK,L,158,52.67,PASOK,L,1,F,0,1.435455959,-4.077510325,0.852403864,-0.131831105,-4.077510325,-3.94567922,26,2.21,0,0.234,0.501246883,0,1,0,0,0,0,0,1,1,0
1,Grekland,W,KKE,KKE2004,2004,Left,Party,1981,0,0,0,0,300,12,4,116,38.67,PASOK,L,166,55.33,ND,R,0,F,0.33,1.60937391,-1.098558954,2.688108337,1.105436463,-1.098558954,-2.203995417,30,2.19,0,0.3,0.542394015,0,1,0.548034934,0.548034934,0.019660078,0.523627633,0.523627633,1,1,0
1,Grekland,W,KKE,KKE2007,2007,Left,Party,1981,0,0,0,0,300,22,7.33,102,34,PASOK,L,152,50.67,ND,R,0,F,3.33,2.564918588,0,3.434049138,1.745767737,0,-1.745767737,33,2.62,0,0.733,0.916458853,0,0.497743767,1,1,0.215483873,0.649514358,0.649514358,1,0.976,0
1,Grekland,W,KKE,KKE2009,2009,Left,Party,1981,0,0,0,0,300,21,7,160,53.33,PASOK,L,160,53.33,PASOK,L,1,F,-0.33,0,0,-0.25463339,-1.18827338,0,0,35,2.59,0,0.7,0.338383838,0,1,1,1,1,1,1,1,0.982,0
1,Grekland,W,KKE,KKE2012IIa,2012,Left,Party,1981,0,0,0,0,300,12,4,33,11,PASOK,L,129,43,ND,R,0,F,-3,1.098072143,-2.944357923,1.609357909,2.662522714,-2.944357923,-5.606880637,38,3.76,0,0.3,0,0,1,0,0,0,0,0,1,0.748,0
1,Grekland,W,KKE,KKE2012IIb,2012,Left,Party,1981,0,0,0,0,300,12,4,33,11,PASOK,L,129,43,ND,R,0,F,-3,1.098072143,-2.944357923,1.609357909,2.662522714,-2.944357923,-5.606880637,38,3.76,0,0.3,0,0,1,0,0,0,0,0,1,0.748,0
1,Grekland,W,KKE,KKE2015,2015,Left,Party,1981,0,0,0,0,300,15,5,15,5,PASOK,L,145,48.33,SYRIZA,L,1,F,1,2.197277909,0,-1.098358923,0.663294146,0,-0.663294146,41,3.09,0,0.5,0.625935162,0,0.695011877,1,1,0.692919377,0.946897213,0.946897213,1,0.882,0
1,Tjeckien,E,KSCM,KSCM1990,1990,Left,Party,2004,0,0,0,0,200,32,16,127,63.5,OF,L,127,63.5,OF,R,0,F,0,-1.945887292,-2.037127203,0.251430952,0.938001565,-2.037127203,-2.975128768,0,2.22,0,0.9,0.501246883,0,1,0.12403309,0.12403309,0,0.27313617,0.27313617,0,1,0
1,Tjeckien,E,KSCM,KSCM1992,1992,Left,Party,2004,0,0,0,0,200,35,17.5,16,8,CSSD,L,66,33,ODS,R,0,F,1.5,1.016984273,-0.200391788,0.746989839,4.007339003,-0.200391788,-4.207730792,2,4.8,0,0.75,0.688279302,0.2,1,0.935175953,0.935175953,0,0,0,0,0.54,0
1,Tjeckien,E,KSCM,KSCM1996,1996,Left,Party,2004,0,0,0,0,200,22,11,61,30.5,CSSD,L,68,34,ODS,R,0,F,-6.5,1.26580931,-0.322829224,2.269350123,0.950042785,-0.322829224,-1.272872009,6,4.15,0,1,0,0.1,1,0.882401197,0.882401197,0.417576065,0.779430767,0.779430767,0.25,0.67,0
1,Tjeckien,E,KSCM,KSCM1998,1998,Left,Party,2004,0,0,0,0,200,24,12,74,37,CSSD,L,74,37,CSSD,L,1,F,1,1.316043913,-0.390515531,1.80504104,-0.176414004,-0.390515531,-0.214101527,8,3.71,0,1,0.625935162,0,1,0.853226064,0.853226064,0.900878923,1,1,0.5,0.758,0
1,Tjeckien,E,KSCM,KSCM2002,2002,Left,Party,2004,0,0,0,0,200,41,20.5,70,35,CSSD,L,70,35,CSSD,L,1,F,8.5,2.263306584,-0.326536111,1.686323398,-0.39210138,-0.326536111,0,12,3.67,0,0.4,1,0,0.659512589,0.8808034,0.8808034,1,1,1,1,0.766,0
1,Tjeckien,E,KSCM,KSCM2006,2006,Left,Party,2004,0,0,0,0,200,26,13,74,37,CSSD,L,81,40.5,ODS,R,0,F,-7.5,1.682938503,-1.499861104,4.040454765,1.985833033,-1.499861104,-3.485694137,16,3.1,0,1,0,0,0.971538439,0.368244953,0.368244953,0,0.104074789,0.104074789,1,0.88,0
1,Tjeckien,E,KSCM,KSCM2010,2010,Left,Party,2004,0,0,0,0,200,26,13,56,28,CSSD,L,53,26.5,ODS,R,0,F,0,4.110865667,-1.645264452,2.253618649,2.268637569,-1.645264452,-3.913902021,20,4.51,0,1,0.501246883,0.85,0,0.302152522,0.302152522,0,0,0,1,0.598,0
1,Tjeckien,E,KSCM,KSCM2013,2013,Left,Party,2004,0,0,0,0,200,33,16.5,50,25,CSSD,L,50,25,CSSD,L,1,F,3.5,1.609333922,-2.291308231,1.315479024,-1.299199878,-2.291308231,-0.992108353,23,6.12,0,0.85,0.93765586,1,1,0.008496259,0.008496259,0.540690577,0.856563639,0.856563639,1,0.276,0
1,Tyskland,W,Linke,Linke2009,2009,Left,Party,1952,0,0,0,0,622,76,12.22,146,23.47,SPD,L,239,38.42,CDU,R,0,F,3.43,-1.436614733,-2.968366356,0.892106025,0,-2.968366356,-2.968366356,19,4.83,0,1,0.928927681,0,1,0,0,0,0.275375379,0.275375379,1,0.534,0
1,Tyskland,W,Linke,Linke2013,2013,Left,Party,1952,0,0,0,0,631,64,10.14,193,30.59,SPD,L,311,49.29,CDU,R,0,F,-2.08,-1.7957359,-1.716468853,1.674359963,0.580601211,-1.716468853,-2.297070064,23,3.51,0,1,0,0,1,0.269786885,0.269786885,0,0.497658919,0.497658919,1,0.798,0
1,Tyskland,W,Linke,Linke2017,2017,Left,Party,1952,0,0,0,0,709,69,9.73,153,21.58,SPD,L,246,34.7,CDU,R,0,F,-0.41,-2.024417918,-4.294407096,1.393681867,-0.07376998,-4.294407096,-4.220637116,27,5.58,0,0.973,0.297979798,0.03,1,0,0,0,0,0,1,0.384,0
1,Tyskland,W,PDS.Linke,PDS.Linke2005,2005,Left,Party,1952,0,0,0,0,614,54,8.79,222,36.16,SPD,L,226,36.81,CDU,R,0,F,8.46,-0.816855924,-1.829775325,2.272328823,1.329734241,-1.829775325,-3.159509566,15,4.05,0,0.879,1,0,1,0.218283943,0.218283943,0,0.212082925,0.212082925,1,0.69,0
1,Tyskland,W,PDS,PDS1990,1990,Left,Party,1952,0,0,0,0,662,17,2.57,239,36.1,SPD,L,319,48.19,CDU,R,0,F,0,-1.653135566,-1.823198893,3.610909264,-0.618815917,-1.823198893,-1.204382976,0,3.17,0,0.014,0.501246883,0,1,0.22127323,0.22127323,0.446844882,0.798246435,0.798246435,0,0.866,0
1,Tyskland,W,PDS,PDS1994,1994,Left,Party,1952,0,0,0,0,672,30,4.46,252,37.5,SPD,L,294,43.75,CDU,R,0,F,1.89,-1.062892139,0.451982007,3.265328956,0.614422616,0.451982007,-0.162440609,4,3.45,0,0.392,0.736907731,0,1,1,1,0.924796014,1,1,0,0.81,0
1,Tyskland,W,PDS,PDS1998,1998,Left,Party,1952,0,0,0,0,669,36,5.38,298,44.54,SPD,L,298,44.54,SPD,L,1,F,0.92,-0.727498535,-1.522211278,2.634837361,1.978892685,-1.522211278,-3.501103964,8,3.31,0,0.538,0.6159601,0,1,0.358085783,0.358085783,0,0.098972197,0.098972197,0.5,0.838,0
1,Tyskland,W,PDS,PDS2002,2002,Left,Party,1952,0,0,0,0,603,2,0.33,251,41.63,SPD,L,251,41.63,SPD,L,1,F,-5.05,-0.145779523,-0.487649746,2.197271421,0.829874734,-0.487649746,-1.317524479,12,3.38,0,0,0,0,1,0.811357868,0.811357868,0.398493812,0.767163605,0.767163605,1,0.824,0
1,Sverige,W,SD,SD2010,2010,Right,Party,1994,0,0,0,0,349,20,5.73,107,30.66,M,R,107,30.66,M,R,1,F,0,4.92000078,3.2957539,0.986008536,2.598036964,4.92000078,-3.933992244,0,4.54,0,0.573,0.501246883,0.434,0,1,0,0,0,0,0,0.592,0
1,Sverige,W,SD,SD2014,2014,Right,Party,1994,0,0,0,0,349,49,14.04,84,24.07,M,R,113,32.38,S,L,0,F,8.31,3.35327906,3.434020752,1.357775127,0.27784705,3.35327906,-1.995503933,4,4.99,0,1,1,0.262,0.136110523,1,0.136110523,0.108759003,0.580905513,0.108759003,0,0.502,0
1,Slovenien,E,SnNS,SnNS1992,1992,Right,Party,2004,0,0,0,0,90,12,13.33,22,24.44,LDS,R,22,24.44,LDS,R,1,F,0,2.397888,0.510837623,1.098572288,1.945907292,2.397888,-1.299315712,0,6.61,0,1,0.501246883,1,0.587156989,1,0.587156989,0.406275337,0.772166013,0.406275337,0,0.178,0
1,Slovenien,E,SnNS,SnNS1996,1996,Right,Party,2004,0,0,0,0,90,4,4.44,25,27.78,LDS,R,25,27.78,LDS,R,1,F,8.89,1.563960655,0.45206823,0.379628085,0.510858953,1.563960655,-1.18433257,4,5.53,0,0.388,1,0.722,1,1,1,0.455413432,0.803754788,0.455413432,0,0.394,0
1,Slovenien,E,SnNS,SnNS2000,2000,Right,Party,2004,0,0,0,0,90,4,4.44,34,37.78,LDS,R,34,37.78,LDS,R,1,F,0,-0.200620192,1.609413912,0.646836488,2.778194417,-0.200620192,0,8,4.86,0,0.388,0.501246883,0,1,1,1,1,1,1,0.5,0.528,0
1,Slovenien,E,SnNS,SnNS2004,2004,Right,Party,2004,0,0,0,0,90,6,6.67,29,32.22,SDS,R,29,32.22,SDS,R,1,F,2.23,0.268379818,0.000328803,1.904060436,-0.956830195,0.268379818,0,12,4.9,0,0.667,0.779301746,0.278,1,1,1,1,1,1,1,0.52,0
1,Slovenien,E,SnNS,SnNS2008,2008,Right,Party,2004,0,0,0,0,90,5,5.56,28,31.11,SDS,R,29,32.22,SD,L,0,F,-1.11,2.793542208,0.12527248,1.439807026,-1.349073502,2.793542208,-1.353735182,16,4.23,0,0.556,0,0.278,0.392870547,1,0.392870547,0.383019153,0.757215609,0.383019153,1,0.654,0
1,Nederländerna,W,SP,SP1994,1994,Right,Party,1952,0,0,0,0,150,2,1.33,37,24.67,PvdA,L,37,24.67,PvdA,L,1,F,0,3.79332369,-2.806375766,0.555831984,3.123589294,-2.806375766,-5.92996506,0,5.42,0,0,0.501246883,1,0,0,0,0,0,0,0,0.416,0
1,Nederländerna,W,SP,SP1998,1998,Right,Party,1952,0,0,0,0,150,5,3.33,45,30,PvdA,L,45,30,PvdA,L,1,F,2,-0.026592948,-0.574521045,0.681468132,-0.261481414,-0.574521045,-0.313039631,4,4.81,0,0.166,0.750623441,0.5,1,0.773913343,1,0.855074245,1,0.855074245,0,0.538,0
1,Nederländerna,W,SP,SP2002,2002,Right,Party,1952,0,0,0,0,150,9,6,23,15.33,PvdA,L,43,28.67,CDA,R,0,F,2.67,-0.026592948,-0.574521045,1.788820165,1.169849676,-0.574521045,-1.744370721,8,5.79,0,0.6,0.834164589,0.633,1,0.773913343,1,0.216080888,0.649898154,0.216080888,0.5,0.342,0
1,Nederländerna,W,SP,SP2003,2003,Right,Party,1952,0,0,0,0,150,9,6,42,28,PvdA,L,44,29.33,CDA,R,0,F,0,0.192114315,-0.541360231,1.788820165,1.169849676,-0.541360231,-1.711209907,9,4.74,0,0.6,0.501246883,0.567,1,0.788206797,1,0.230252176,0.659008267,0.230252176,0.625,0.552,0
1,Nederländerna,W,SP,SP2006,2006,Right,Party,1952,0,0,0,0,150,25,16.67,33,22,PvdA,L,41,27.33,CDA,R,0,F,10.67,-0.349072773,-0.412530693,0.688330195,1.566695306,-0.412530693,-1.979225999,12,5.54,0,0.833,1,0.767,1,0.84373677,1,0.115715385,0.585377473,0.115715385,1,0.392,0
1,Nederländerna,W,SP,SP2010,2010,Right,Party,1952,0,0,0,0,150,15,10,30,20,PvdA,L,31,20.67,VVD,R,0,F,-6.67,1.01336945,-0.942068628,2.183407655,1.463486348,-0.942068628,-2.405554976,16,6.74,0,1,0,1,1,0.61548766,1,0,0.461736763,0,1,0.152,0
1,Nederländerna,W,SP,SP2012,2012,Right,Party,1952,0,0,0,0,150,15,10,38,25.33,PvdA,L,41,27.33,VVD,R,0,F,0,0.009090204,-1.83632014,1.323289486,1.923879692,-1.83632014,-3.760199832,18,5.7,0,1,0.501246883,0.767,1,0.215309027,1,0,0.013178864,0,1,0.36,0
1,Belgien,W,VB,VB1991,1991,Right,Party,1952,0,0,0,0,212,12,5.66,39,18.4,CVP,R,39,18.4,CVP,R,1,F,4.72,1.402699666,0.587223256,1.327718007,0.87948797,1.402699666,-0.074981658,13,8.41,0,0.566,1,1,1,1,1,0.965286269,1,0.965286269,1,0,0
1,Belgien,W,VB,VB1995,1995,Right,Party,1952,0,0,0,0,150,11,7.33,29,19.33,CVP,R,29,19.33,CVP,R,1,F,1.67,-0.489885208,0.640597934,0.84075382,1.522694233,-0.489885208,0,17,8.03,0,0.733,0.709476309,1,1,1,1,1,1,1,1,0,0
1,Belgien,W,VB,VB1999,1999,Right,Party,1952,0,0,0,0,150,15,10,23,15.33,PVV,R,23,15.33,PVV,R,1,F,2.67,-0.489885208,0.640597934,1.519462009,-0.245728546,-0.489885208,0,21,9.05,0,1,0.834164589,1,1,1,1,1,1,1,1,0,0
1,Belgien,W,VB,VB2003,2003,Right,Party,1952,0,0,0,0,150,18,12,25,16.67,PVV,R,25,16.67,PVV,R,1,F,2,-0.489885208,0.640597934,2.170758639,-0.246147107,-0.489885208,0,25,7.03,0,1,0.750623441,1,1,1,1,1,1,1,1,0.094,0
1,Belgien,W,VB,VB2007,2007,Right,Party,1952,0,0,0,0,150,17,11.33,23,15.33,CVP,R,23,15.33,CVP,R,1,F,-0.67,2.144490662,0.020345939,1.165462114,-0.034789951,2.144490662,-0.979028549,29,7.91,0,1,0.166666667,1,0.723392117,1,0.723392117,0.546746042,0.860156992,0.546746042,1,0,0
1,Belgien,W,VB,VB2010,2010,Right,Party,1952,0,0,0,0,150,12,8,27,18,NV-A,R,26,17.33,PS,L,0,F,-3.33,1.578501312,0.935293246,0.049835263,-1.504737985,1.578501312,-1.528666049,32,8.42,0,0.8,0,1,1,1,1,0.308262372,0.709157679,0.308262372,1,0,0
1,Grekland,W,XA,XA2012IIa,2012,Right,Party,1981,0,0,0,0,300,18,6,129,43,ND,R,129,43,ND,R,1,F,0,1.472405652,0.166829507,1.609357909,2.662522714,1.472405652,0,0,3.76,0,0.6,0.501246883,0,1,1,1,1,1,1,0,0.748,0
1,Grekland,W,XA,XA2012IIb,2012,Right,Party,1981,0,0,0,0,300,18,6,129,43,ND,R,129,43,ND,R,1,F,0,1.472405652,0.166829507,1.609357909,2.662522714,1.472405652,0,0,3.76,0,0.6,0.501246883,0,1,1,1,1,1,1,0,0.748,0
1,Grekland,W,XA,XA2015,2015,Right,Party,1981,0,0,0,0,300,18,6,75,25,ND,R,145,48.33,SYRIZA,L,0,F,-0.67,2.608073333,-1.098292284,-1.098358923,0.663294146,2.608073333,-3.706432256,3,3.09,0,0.6,0.166666667,0,0.477948012,0.548149878,0.477948012,0,0.030982697,0,0,0.882,0
0,Cypern,W,AKEL,AKEL1996,1996,Left,Party,2004,0,0,0,0,56,19,33.93,5,8.93,EDEK,L,20,35.71,DISY,R,0,F,1.79,1.142340297,-2.043084792,1.609845029,-0.177405203,-2.043084792,-1.865679589,36,3.49,1,0,0.724438903,0,1,0.121325095,0.121325095,0.164239492,0.616571541,0.616571541,1,0.802,0
0,Cypern,W,AKEL,AKEL2001a,2001,Left,Party,2004,0,0,0,0,56,20,35.71,4,7.14,EDEK,L,19,33.93,DISY,R,0,F,1.78,1.609718229,-1.01386621,1.465884265,1.738433384,-1.01386621,-2.752299595,41,3.64,1,0,0.72319202,0.107,1,0.584540427,0.584540427,0,0.346920664,0.346920664,1,0.772,0
0,Cypern,W,AKEL,AKEL2001b,2001,Left,Party,2004,0,1,0,1,56,20,35.71,4,7.14,EDEK,L,9,16.07,DIKO,R,0,F,1.78,1.609718229,-1.01386621,0.853155343,-0.336600356,-1.01386621,-0.677265854,41,3.64,1,0,0.72319202,1,1,0.584540427,0.584540427,0.686450994,0.943058831,0.943058831,1,0.772,0
0,Cypern,W,AKEL,AKEL2006a,2006,Left,Party,2004,0,1,0,1,56,18,32.14,5,8.93,EDEK,L,11,19.64,DIKO,R,0,F,-3.57,0.658539089,-0.621489303,3.891846012,-1.09885226,-0.621489303,0,46,3.9,1,0,0,1,1,0.753668404,0.753668404,1,1,1,1,0.72,0
0,Cypern,W,AKEL,AKEL2011b,2011,Left,Party,2004,0,0,0,0,56,19,33.93,5,8.93,EDEK,L,20,35.71,DISY,R,0,F,1.79,-0.320833266,0.000588866,3.496502107,-0.200707262,0.000588866,0,51,3.6,1,0,0.724438903,0,1,1,1,1,1,1,1,0.78,0
0,Grekland,W,ANEL,ANEL2012IIa,2012,Right,Party,1981,1,0,0,0,300,20,6.67,129,43,ND,R,129,43,ND,R,1,F,-4.33,4.043023197,-1.098601177,1.609357909,2.662522714,4.043023197,-2.433665288,0,3.76,1,0.667,0,0,0,0.548016734,0,0,0.452428713,0,0,0.748,0
0,Grekland,W,ANEL,ANEL2012IIb,2012,Right,Party,1981,1,0,0,0,300,20,6.67,129,43,ND,R,129,43,ND,R,1,F,-4.33,4.043023197,-1.098601177,1.609357909,2.662522714,4.043023197,-2.433665288,0,3.76,1,0.667,0,0,0,0.548016734,0,0,0.452428713,0,0,0.748,0
0,Grekland,W,ANEL,ANEL2015,2015,Right,Party,1981,1,1,0,1,300,10,3.33,75,25,ND,R,145,48.33,SYRIZA,L,0,F,-1.01,3.433982043,1.098585622,-1.098358923,0.663294146,3.433982043,-4.532340966,3,3.09,1,0.166,0,0,0.099090806,1,0.099090806,0,0,0,0,0.882,0
0,Bulgarien,C,Attack,Attack2005,2005,Right,Party,2007,0,0,0,0,240,21,8.75,53,22.08,NDSV,R,82,34.17,KB,L,0,F,0,3.663561646,-2.197282353,1.299615789,0.708325714,3.663561646,-2.363945857,0,4.8,1,0.875,0.501246883,0.083,0,0.051235294,0,0,0.475514617,0,0,0.54,0
0,Bulgarien,C,Attack,Attack2009,2009,Right,Party,2007,0,0,1,0.7,240,21,8.75,116,48.33,GERB,R,116,48.33,GERB,R,1,F,0,4.204657992,-1.609314288,3.009400938,1.945691301,4.204657992,-1.195257054,4,3.34,1,0.875,0.501246883,0,0,0.318493505,0,0.450744849,0.800753557,0.450744849,0,0.832,0
0,Bulgarien,C,Attack,Attack2013,2013,Right,Party,2007,0,0,1,0.7,240,23,9.58,97,40.42,GERB,R,84,35,KB,L,0,L,0.83,3.857135834,-1.700815684,2.119615294,-2.036981143,3.857135834,-1.73752054,8,3.15,1,0.958,0.604738155,0,0,0.276901962,0,0.219008316,0.651780071,0.219008316,0.5,0.87,0
0,Bulgarien,C,Attack,Attack2014,2014,Right,Party,2007,0,0,0,0,240,11,4.58,84,35,GERB,R,84,35,GERB,R,1,F,-5,0,-1.299332277,1.865354106,1.487901598,0,0,9,5.06,1,0.416,0,0,1,0.45939442,1,1,1,1,0.625,0.488,0
0,Portugal,W,BE,BE1999,1999,Left,Party,1986,0,0,0,0,230,2,0.87,115,50,PSP,L,115,50,PSP,L,1,F,0,-2.001120244,-1.717942231,0.561070066,-1.092420195,-1.717942231,-0.625522035,0,2.61,1,0,0.501246883,0,1,0.269117168,0.269117168,0.710406465,0.957274166,0.957274166,0,0.978,0
0,Portugal,W,BE,BE2002,2002,Left,Party,1986,0,0,0,0,230,3,1.3,96,41.74,PSP,L,105,45.65,PSD,R,0,F,0.43,-1.293238378,-3.093414304,2.741474701,0.505644937,-3.093414304,-3.599059241,3,2.5,1,0,0.554862843,0,1,0,0,0,0.066536675,0.066536675,0,1,0
0,Portugal,W,BE,BE2005,2005,Left,Party,1986,0,0,0,0,230,8,3.48,121,52.61,PSP,L,121,52.61,PSP,L,1,F,2.18,-0.181377193,-1.968434946,2.608155404,0.28701412,-1.968434946,-2.255449066,6,2.56,1,0.196,0.773067332,0,1,0.155256843,0.155256843,0,0.509492015,0.509492015,0.25,0.988,0
0,Portugal,W,BE,BE2009,2009,Left,Party,1986,0,0,0,0,230,16,6.96,97,42.17,PSP,L,97,42.17,PSP,L,1,F,3.48,0.697117251,-1.935547849,3.608021399,0.859518542,-1.935547849,-2.795066391,10,3.13,1,0.696,0.935162095,0,1,0.170205523,0.170205523,0,0.332759473,0.332759473,0.75,0.874,0
0,Portugal,W,BE,BE2011,2011,Left,Party,1986,0,0,0,0,230,8,3.48,74,32.17,PSP,L,108,46.96,PSD,R,0,F,-3.48,4.962868966,-3.311755478,3.75715141,1.601949279,-3.311755478,-4.913704757,12,2.93,1,0.196,0,0,0,0,0,0,0,0,1,0.914,0
0,Portugal,W,CDU,CDU1991,1991,Left,Coalition,1986,0,0,0,0,230,17,7.39,72,31.3,PSP,L,135,58.7,PSD,R,0,F,-5.01,-0.59109535,-0.277990194,0.85888042,0.350500384,-0.277990194,-0.628490578,15,2.23,1,0.739,0,0,1,0.901728365,0.901728365,0.70903214,0.956458632,0.956458632,1,1,0
0,Portugal,W,CDU,CDU1995,1995,Left,Coalition,1986,0,0,0,0,230,15,6.52,112,48.7,PSP,L,112,48.7,PSP,L,1,F,-0.87,0.057582353,-1.428264796,0.920015487,-0.675719155,-1.428264796,-0.75254564,19,2.55,1,0.652,0.065656566,0,1,0.400788729,0.400788729,0.651599241,0.922377571,0.922377571,1,0.99,0
0,Portugal,W,CDU,CDU1999,1999,Left,Coalition,1986,0,0,0,0,230,17,7.39,115,50,PSP,L,115,50,PSP,L,1,F,0.87,-0.623740838,-1.909955752,0.561070066,-1.092420195,-1.909955752,-0.817535556,23,2.61,1,0.739,0.609725686,0,1,0.181838295,0.181838295,0.621511317,0.904523199,0.904523199,1,0.978,0
0,Portugal,W,CDU,CDU2002,2002,Left,Coalition,1986,0,0,0,0,230,12,5.22,96,41.74,PSP,L,105,45.65,PSD,R,0,F,-2.17,1.463411539,-0.842378566,2.741474701,0.505644937,-0.842378566,-1.348023503,26,2.5,1,0.522,0,0,1,0.658457515,0.658457515,0.385460041,0.758784752,0.758784752,1,1,0
0,Portugal,W,CDU,CDU2005,2005,Left,Coalition,1986,0,0,0,0,230,14,6.09,121,52.61,PSP,L,121,52.61,PSP,L,1,F,0.87,1.458745611,-0.720535408,2.608155404,0.28701412,-0.720535408,-1.007549528,29,2.56,1,0.609,0.609725686,0,1,0.710976117,0.710976117,0.533541885,0.852321558,0.852321558,1,0.988,0
0,Portugal,W,CDU,CDU2009,2009,Left,Coalition,1986,0,0,0,0,230,15,6.52,97,42.17,PSP,L,97,42.17,PSP,L,1,F,0.43,3.135152835,-1.018929217,3.608021399,0.859518542,-1.018929217,-1.878447759,33,3.13,1,0.652,0.554862843,0,0.236168424,0.582358096,0.582358096,0.158783009,0.613063802,0.613063802,1,0.874,0
0,Portugal,W,CDU,CDU2011,2011,Left,Coalition,1986,0,0,0,0,230,16,6.96,74,32.17,PSP,L,108,46.96,PSD,R,0,F,0.43,2.397895273,-1.652923024,3.75715141,1.601949279,-1.652923024,-3.254872303,35,2.93,1,0.696,0.554862843,0,0.587153079,0.298671353,0.298671353,0,0.18050586,0.18050586,1,0.914,0
0,Danmark,W,DF,DF1998,1998,Right,Party,1973,0,0,0,0,179,13,7.26,42,23.46,V,R,63,35.2,SD,L,0,F,0,3.4965415,3.044530057,1.876473223,4.007298276,3.4965415,-1.620068278,0,4.71,1,0.726,0.501246883,0,0.070393807,1,0.070393807,0.269201591,0.684047176,0.269201591,0,0.558,0
0,Danmark,W,DF,DF2001,2001,Right,Party,1973,0,0,1,0.7,179,22,12.29,56,31.28,V,R,56,31.28,V,R,1,F,5.03,2.944438979,0,1.860716278,2.833196873,2.944438979,-1.083722701,3,4.48,1,1,1,0.372,0.323651844,1,0.323651844,0.498409102,0.831394862,0.498409102,0,0.604,0
0,Danmark,W,DF,DF2005,2005,Right,Party,1973,0,0,1,0.7,179,24,13.41,52,29.05,V,R,52,29.05,V,R,1,F,1.12,3.555348061,1.945910149,4.174370039,4.510828297,3.555348061,0,7,4.89,1,1,0.640897756,0.595,0.043418321,1,0.043418321,1,1,1,0.375,0.522,0
0,Danmark,W,DF,DF2007,2007,Right,Party,1973,0,0,1,0.7,179,25,13.97,46,25.7,V,R,46,25.7,V,R,1,F,0.56,1.665033555,0,0.868879449,0.510853358,1.665033555,-0.796154106,9,5.33,1,1,0.571072319,0.93,0.981164755,1,0.981164755,0.631410136,0.910397224,0.631410136,0.625,0.434,0
0,Danmark,W,DF,DF2011a,2011,Right,Party,1973,0,0,0,0,179,22,12.29,47,26.26,V,R,44,24.58,SD,L,0,F,-1.68,5.476465058,1.946352908,1.945838718,0,5.476465058,-3.53062634,13,5.61,1,1,0,1,0,1,0,0,0.089196576,0,1,0.378,0
0,Danmark,W,DF,DF2011b,2011,Right,Party,1973,0,0,0,0,179,22,12.29,47,26.26,V,R,44,24.58,SD,L,1,F,-1.68,5.476465058,1.946352908,1.945838718,0,5.476465058,-3.53062634,13,5.61,1,1,0,1,0,1,0,0,0.089196576,0,1,0.378,0
0,Irland,W,DL,DL1992a,1992,Left,Party,1973,0,0,0,0,166,4,2.41,33,19.88,Lab,L,68,40.96,FF,R,0,F,0,-1.236676323,-0.777549913,1.036093808,0.805655963,-0.777549913,-1.583205876,0,3.46,1,0,0.501246883,0,1,0.6864009,0.6864009,0.284954754,0.69417421,0.69417421,0,0.808,0
0,Irland,W,DL,DL1992b,1992,Left,Party,1973,0,1,0,1,166,4,2.41,33,19.88,Lab,L,45,27.11,FG,R,0,F,0,-1.236676323,-0.777549913,2.615411121,1.234030692,-0.777549913,-2.011580605,0,3,1,0,0.501246883,0.789,1,0.6864009,0.6864009,0.10188863,0.576488845,0.576488845,0,0.9,0
0,Irland,W,DL,DL1997,1997,Left,Party,1973,0,0,0,0,166,4,2.41,17,10.24,Lab,L,77,46.39,FF,R,0,F,0,0.587870223,-0.663295037,1.239901034,0.936322224,-0.663295037,-1.599617261,4,3,1,0,0.501246883,0,1,0.735648691,0.735648691,0.277941341,0.689665588,0.689665588,0,0.9,0
0,Danmark,W,EL,EL1994,1994,Left,Party,1973,0,0,1,0.6,179,6,3.35,62,34.64,SD,L,62,34.64,SD,L,1,F,0,-1.946124448,0,0.211155203,-1.299372655,0,0,0,4.54,1,0.17,0.501246883,0.036,1,1,1,1,1,1,0,0.592,0
0,Danmark,W,EL,EL1998,1998,Left,Party,1973,0,0,1,0.6,179,5,2.79,63,35.2,SD,L,63,35.2,SD,L,1,F,-0.56,-0.588025792,-0.788070121,1.876473223,4.007298276,-0.788070121,-4.795368397,4,4.71,1,0.058,0.222222222,0,1,0.681866327,0.681866327,0,0,0,0,0.558,0
0,Danmark,W,EL,EL2001,2001,Left,Party,1973,0,0,0,0,179,4,2.23,52,29.05,SD,L,56,31.28,V,R,0,F,-0.56,1.421287951,-0.955524982,1.860716278,2.833196873,-0.955524982,-3.788721856,8,4.48,1,0,0.222222222,0.372,1,0.609687508,0.609687508,0,0.003734485,0.003734485,0.5,0.604,0
0,Danmark,W,EL,EL2005,2005,Left,Party,1973,0,0,0,0,179,6,3.35,47,26.26,SD,L,52,29.05,V,R,0,F,1.12,-0.588692728,-1.335798835,4.174370039,4.510828297,-1.335798835,-5.846627132,11,4.89,1,0.17,0.640897756,0.595,1,0.442818711,0.442818711,0,0,0,0.875,0.522,0
0,Danmark,W,EL,EL2007,2007,Left,Party,1973,0,0,0,0,179,4,2.23,45,25.14,SD,L,46,25.7,V,R,0,F,-1.12,-2.833181969,-2.751504105,0.868879449,0.510853358,-2.751504105,-3.262357463,13,5.33,1,0,0,0.93,1,0,0,0,0.17802733,0.17802733,1,0.434,0
0,Danmark,W,EL,EL2011a,2011,Left,Party,1973,0,0,0,0,179,12,6.7,44,24.58,SD,L,44,24.58,SD,L,1,F,4.47,-4.143189963,-3.458455042,1.945838718,0,-3.458455042,-3.458455042,17,5.61,1,0.67,1,1,1,0,0,0,0.113094357,0.113094357,1,0.378,0
0,Danmark,W,EL,EL2011b,2011,Left,Party,1973,0,0,0,0,179,12,6.7,44,24.58,SD,L,44,24.58,SD,L,1,F,4.47,-4.143189963,-3.458455042,1.945838718,0,-3.458455042,-3.458455042,17,5.61,1,0.67,1,1,1,0,0,0,0.113094357,0.113094357,1,0.378,0
0,Estland,C,ERSP,ERSP1992,1992,Right,Party,2004,0,1,0,1,101,10,9.9,29,28.71,ProPatria,R,29,28.71,ProPatria,R,1,F,0,2.007126913,2.909431911,3.850211429,2.688820614,2.007126913,0,0,5.9,1,0.99,0.501246883,0.629,0.797243595,1,0.797243595,1,1,1,0,0.32,0
0,Österrike,W,FPÖ,FPÖ1990,1990,Right,Party,1994,0,0,0,0,183,33,18.03,60,32.79,ÖVP,R,80,43.72,SPÖ,L,0,F,8.19,1.573390537,1.13350084,1.513273655,0.265798727,1.573390537,-0.060116882,34,2.99,1,0.697,1,0,1,1,1,0.97216811,1,0.97216811,1,0.902,0
0,Österrike,W,FPÖ,FPÖ1994,1994,Right,Party,1994,0,0,0,0,183,42,22.95,52,28.42,ÖVP,R,65,35.52,SPÖ,L,0,F,4.92,3.366760088,3.138160401,0.307966309,0.422855036,3.366760088,-3.058793779,38,3.73,1,0,1,0,0.129926565,1,0.129926565,0,0.245432524,0,1,0.754,0
0,Österrike,W,FPÖ,FPÖ1995,1995,Right,Party,1994,0,0,0,0,183,41,22.4,52,28.42,ÖVP,R,71,38.8,SPÖ,L,0,F,0.55,3.663586261,4.290497249,3.496569378,2.33579791,3.663586261,-0.167016883,39,3.49,1,0.02,0.569825436,0,0,1,0,0.922677369,1,0.922677369,1,0.802,0
0,Österrike,W,FPÖ,FPÖ1999,1999,Right,Party,1994,0,1,0,1,183,52,28.42,52,28.42,ÖVP,R,52,28.42,ÖVP,R,1,F,6.02,1.577208858,0.808441973,3.77727734,0.868054137,1.577208858,0,43,3.41,1,0,1,0.658,1,1,1,1,1,1,1,0.818,0
0,Österrike,W,FPÖ,FPÖ2002a,2002,Right,Party,1994,0,1,0,1,183,18,9.84,79,43.17,ÖVP,R,79,43.17,ÖVP,R,1,F,-18.58,2.341925716,0.312787892,1.779458408,0.30105342,2.341925716,-0.562467307,46,2.88,1,0.984,0,0,0.617244239,1,0.617244239,0.739598469,0.974596894,0.739598469,1,0.924,0
0,Österrike,W,FPÖ,FPÖ2002b,2002,Right,Party,1994,0,0,0,0,183,6,3.28,79,43.17,ÖVP,R,79,43.17,ÖVP,R,1,F,-18.58,2.341925716,0.312787892,1.779458408,0.30105342,2.341925716,-0.562467307,46,2.88,1,0.156,0,0,0.617244239,1,0.617244239,0.739598469,0.974596894,0.739598469,1,0.924,0
0,Österrike,W,FPÖ,FPÖ2006,2006,Right,Party,1994,0,0,0,0,183,21,11.48,66,36.07,ÖVP,R,68,37.16,SPÖ,L,0,F,1.64,4.672847526,0.536175685,0.920223469,-0.890289964,4.672847526,-3.752624057,50,3.38,1,1,0.705735661,0,0,1,0,0,0.015687398,0,1,0.824,0
0,Österrike,W,FPÖ,FPÖ2008,2008,Right,Party,1994,0,0,0,0,183,34,18.58,51,27.87,ÖVP,R,57,31.15,SPÖ,L,0,F,7.1,1.740067163,-0.306912878,0.966818196,-0.321696374,1.740067163,-0.773248967,52,4.24,1,0.642,1,0.385,0.940824106,0.889261691,0.940824106,0.642014367,0.916689844,0.642014367,1,0.652,0
0,Österrike,W,FPÖ,FPÖ2013,2013,Right,Party,1994,0,0,0,0,183,40,21.86,47,25.68,ÖVP,R,52,28.42,SPÖ,L,0,F,3.28,4.20470456,0.747136051,-0.251409655,-1.151161432,4.20470456,-4.456114215,57,4.59,1,0.128,0.910224439,0.658,0,1,0,0,0,0,1,0.582,0
0,Norge,W,FrPn,FrPn1993,1993,Right,Party,NA,0,0,0,0,165,10,6.06,32,19.39,SP,R,67,40.61,Ap,L,0,F,-7.27,1.843669428,3.483309335,0.326997574,1.310630156,1.843669428,-1.516671854,12,4.04,1,0.606,0,0,0.885123963,1,0.885123963,0.313388097,0.712452787,0.313388097,1,0.692,0
0,Norge,W,FrPn,FrPn1997a,1997,Right,Party,NA,0,0,0,0,165,25,15.15,25,15.15,KrF,R,25,15.15,KrF,R,1,F,9.09,2.24985641,1.999348266,1.466488438,0.310182799,2.24985641,-0.783367973,16,4.36,1,0.985,1,1,0.666743866,1,0.666743866,0.637329642,0.913909898,0.637329642,1,0.628,0
0,Norge,W,FrPn,FrPn1997b,1997,Right,Party,NA,0,0,0,0,165,25,15.15,25,15.15,KrF,R,65,39.39,DNA,L,0,F,9.09,2.24985641,1.999348266,0.097140189,0.17507039,2.24985641,-2.152716221,16,4.36,1,0.985,1,0,0.666743866,1,0.666743866,0.041574265,0.537715324,0.041574265,1,0.628,0
0,Norge,W,FrPn,FrPn2001,2001,Right,Party,NA,0,0,0,0,165,26,15.76,38,23.03,H,R,22,13.33,KrF,R,1,F,0.61,3.964959699,3.412728814,1.348346621,0.545970292,3.964959699,-2.616613078,20,5.35,1,0.924,0.577306733,1,0,1,0,0,0.391849974,0,1,0.43,0
0,Norge,W,FrPn,FrPn2005,2005,Right,Party,NA,0,0,0,0,169,38,22.49,23,13.61,H,R,61,36.09,Ap,L,0,F,6.73,4.108397182,2.940816011,0.212592249,-0.636216591,4.108397182,-3.895804933,24,4.56,1,0.002,1,0,0,1,0,0,0,0,1,0.588,0
0,Norge,W,FrPn,FrPn2009,2009,Right,Party,NA,0,0,0,0,169,41,24.26,30,17.75,H,R,64,37.87,Ap,L,0,F,1.77,2.378910116,3.720317581,-0.14388236,0.132612728,2.378910116,-2.522792476,28,4.07,1,0,0.721945137,0,0.597360153,1,0.597360153,0,0.422916399,0,1,0.686,0
0,Kroatien,C,HDZ,HDZ2000a,2000,Right,Party,2013,1,0,0,0,151,46,30.46,46,30.46,HDZ,R,44,29.14,SPH,L,0,F,-28.6,3.339134174,1.813697143,2.000780628,1.977283987,3.339134174,-1.338353546,10,4.01,1,0,0,0.586,0.142599003,1,0.142599003,0.389592502,0.761441334,0.389592502,0.75,0.698,0
0,Kroatien,C,HDZ,HDZ2000b,2000,Right,Party,2013,1,0,0,0,151,46,30.46,46,30.46,HDZ,R,44,29.14,SPH,L,0,F,-28.6,3.339134174,1.813697143,2.000780628,1.977283987,3.339134174,-1.338353546,10,4.01,1,0,0,0.586,0.142599003,1,0.142599003,0.389592502,0.761441334,0.389592502,0.75,0.698,0
0,Kroatien,C,HDZ,HDZ2000c,2000,Right,Party,2013,1,0,0,0,151,46,30.46,46,30.46,HDZ,R,44,29.14,SPH,L,0,F,-28.6,3.339134174,1.813697143,2.000780628,1.977283987,3.339134174,-1.338353546,10,4.01,1,0,0,0.586,0.142599003,1,0.142599003,0.389592502,0.761441334,0.389592502,0.75,0.698,0
0,Spanien,W,IU,IU1993,1993,Left,Coalition,1986,0,0,0,0,350,18,5.14,159,45.43,PSOE,L,159,45.43,PSOE,L,1,F,0.28,-2.464388058,-2.533982324,0.303308715,-0.465410621,-2.533982324,-2.068571703,7,2.67,1,0.514,0.536159601,0,1,0,0,0.07753346,0.56083195,0.56083195,0.375,0.966,0
0,Spanien,W,IU,IU1996,1996,Left,Coalition,1986,0,0,0,0,350,21,6,141,40.29,PSOE,L,156,44.57,PP,R,0,F,0.86,-2.054508036,-2.109182401,1.54191616,1.731732695,-2.109182401,-3.840915096,10,2.72,1,0.6,0.608478803,0,1,0.091280727,0.091280727,0,0,0,0.75,0.956,0
0,Spanien,W,IU,IU2000,2000,Left,Coalition,1986,0,0,0,0,350,8,2.29,125,35.71,PSOE,L,183,52.29,PP,R,0,F,-3.71,-2.18254652,-2.932533421,1.087316344,1.0162842,-2.932533421,-3.948817621,14,2.48,1,0,0,0,1,0,0,0,0,0,1,1,0
0,Spanien,W,IU,IU2004,2004,Left,Coalition,1986,0,0,1,0.6,350,5,1.43,164,46.86,PSOE,L,164,46.86,PSOE,L,1,F,-0.86,-1.560305632,-1.03804035,-0.006428667,-1.222723268,-1.03804035,0,18,2.53,1,0,0.070707071,0,1,0.574120539,0.574120539,1,1,1,1,0.994,0
0,Spanien,W,IU,IU2008,2008,Left,Coalition,1986,0,0,0,0,350,2,0.57,169,48.29,PSOE,L,169,48.29,PSOE,L,1,F,-0.86,-0.402551019,-2.252847292,0.078313628,-1.467351098,-2.252847292,-0.785496193,22,2.36,1,0,0.070707071,0,1,0.025978504,0.025978504,0.636344355,0.913325222,0.913325222,1,1,0
0,Spanien,W,IU-LV,IU-LV2011,2011,Left,Coalition,1986,0,0,0,0,350,11,3.14,110,31.43,PSOE,L,186,53.14,PP,R,0,F,2.57,-1.962353375,-1.633080816,1.024791131,0.876225555,-1.633080816,-2.509306371,25,2.6,1,0.128,0.821695761,0,1,0.307690538,0.307690538,0,0.427381996,0.427381996,1,0.98,0
0,Spanien,W,IU-UPeC,IU-UPeC2015,2015,Left,Coalition,1986,0,0,0,0,350,2,0.57,90,25.71,PSOE,L,123,35.14,PP,R,0,F,-2.57,-2.98835479,-3.942719743,1.846111703,0.804761996,-3.942719743,-4.747481739,29,4.53,1,0,0,0,1,0,0,0,0,0,1,0.594,0
0,Italien,W,LN,LN1992a,1992,Right,Party,1952,0,0,0,0,630,55,8.73,206,32.7,DS,R,92,14.6,PSI,L,0,F,8.57,1.098799642,0.462536619,-0.149777188,0.497035156,1.098799642,-1.24857683,0,5.71,1,0.873,1,1,1,1,1,0.42795862,0.786105266,0.42795862,0,0.358,0
0,Italien,W,LN,LN1992b,1992,Right,Party,1952,0,0,0,0,630,55,8.73,206,32.7,DS,R,206,32.7,DC,R,1,L,8.57,1.098799642,0.462536619,1.250278965,0.312238196,1.098799642,0,0,5.71,1,0.873,1,0.23,1,1,1,1,1,1,0,0.358,0
0,Italien,W,LN,LN1994,1994,Right,Party,1952,0,1,0,1,630,117,18.57,134,21.27,FI,R,134,21.27,FI,R,1,F,9.84,1.098799642,0.462536619,0.467110936,3.962539537,1.098799642,-0.631688705,2,7.67,1,0.643,1,1,1,1,1,0.707551525,0.955580026,0.707551525,0,0,0
0,Italien,W,LN,LN1996a,1996,Right,Party,1952,0,0,0,0,630,59,9.37,123,19.52,FI,R,72,11.43,PPI,L,0,F,-9.2,2.397432145,1.378700199,1.098472279,1.334918754,2.397432145,-1.298959866,4,6.09,1,0.937,0,1,0.587402073,1,0.587402073,0.406427408,0.772263773,0.406427408,0,0.282,0
0,Italien,W,LN,LN1996b,1996,Right,Party,1952,0,0,0,0,630,55,8.73,111,17.62,FI,R,176,27.94,DS,L,0,F,-9.2,2.397432145,1.378700199,1.021730806,0.587752442,2.397432145,-1.375701339,4,6.09,1,0.873,0,0.706,0.587402073,1,0.587402073,0.373631906,0.751180951,0.373631906,0,0.282,0
0,Italien,W,LN,LN2001a,2001,Right,Party,1952,0,1,0,1,609,30,4.93,193,31.69,FI,R,193,31.69,FI,R,1,F,-3.8,1.895180231,2.866349593,1.895180231,2.866349593,1.895180231,0,9,5.3,1,0.486,0,0.331,0.857429983,1,0.857429983,1,1,1,0.625,0.44,0
0,Italien,W,LN,LN2001b,2001,Right,Party,1952,0,1,0,1,609,30,4.93,193,31.69,FI,R,193,31.69,FI,R,1,F,-3.8,1.895180231,2.866349593,1.895180231,2.866349593,1.895180231,0,9,5.3,1,0.486,0,0.331,0.857429983,1,0.857429983,1,1,1,0.625,0.44,0
0,Italien,W,LN,LN2006,2006,Right,Party,1952,0,0,0,0,630,26,4.13,140,22.22,FI,R,225,35.71,ULIVO,L,0,F,-0.8,4.076981357,2.711791283,-0.02720814,-0.751736085,4.076981357,-4.104189497,14,5.06,1,0.326,0.101010101,0,0,1,0,0,0,0,1,0.488,0
0,Italien,W,LN,LN2008,2008,Right,Party,1952,0,1,0,1,630,60,9.52,276,43.81,FI,R,276,43.81,FI,R,1,F,5.39,4.394409648,-1.824459835,4.442651256,2.681021529,4.394409648,0,16,3.07,1,0.952,1,0,0,0.220700075,0,1,1,1,1,0.886,0
0,Italien,W,LN,LN2013,2013,Right,Party,1952,0,0,0,0,630,18,2.86,98,15.56,FI,R,297,47.14,PD,L,0,F,-6.66,3.135476824,1.075451983,0.510626512,-1.609603276,3.135476824,-2.624850312,21,3.47,1,0.072,0,0,0.236019806,1,0.236019806,0,0.389122413,0,1,0.806,0
0,Nederländerna,W,LPF,LPF2002,2002,Right,Party,1952,1,1,0,1,150,26,17.33,43,28.67,CDA,R,43,28.67,CDA,R,1,F,0,0.747154875,1.757703438,1.788820165,1.169849676,0.747154875,0,0,5.79,1,0.767,0.501246883,0.633,1,1,1,1,1,1,0,0.342,0
0,Nederländerna,W,LPF,LPF2003,2003,Right,Party,1952,1,0,0,0,150,8,5.33,44,29.33,CDA,R,44,29.33,CDA,R,1,F,-12,2.184828353,2.452572618,1.788820165,1.169849676,2.184828353,-0.396008188,1,4.74,1,0.533,0,0.567,0.701705187,1,0.701705187,0.816662876,1,0.816662876,0,0.552,0
0,Polen,C,LPR,LPR2001a,2001,Right,Party,2004,0,0,0,0,460,38,8.26,65,14.13,PO,R,216,46.96,SLD,L,0,F,0,3.367313071,0.587631113,2.502916333,0.925436785,3.367313071,-0.864396738,0,3.6,1,0.826,0.501246883,0,0.129672903,1,0.129672903,0.599816325,0.891649248,0.599816325,0,0.78,0
0,Polen,C,LPR,LPR2001b,2001,Right,Party,2004,0,0,0,0,460,38,8.26,65,14.13,PO,R,216,46.96,SLD,L,0,F,0,3.367313071,0.587631113,2.502916333,0.925436785,3.367313071,-0.864396738,0,3.6,1,0.826,0.501246883,0,0.129672903,1,0.129672903,0.599816325,0.891649248,0.599816325,0,0.78,0
0,Polen,C,LPR,LPR2001c,2001,Right,Party,2004,0,0,0,0,460,38,8.26,65,14.13,PO,R,216,46.96,SLD,L,0,F,0,3.367313071,0.587631113,2.502916333,0.925436785,3.367313071,-0.864396738,0,3.6,1,0.826,0.501246883,0,0.129672903,1,0.129672903,0.599816325,0.891649248,0.599816325,0,0.78,0
0,Polen,C,LPR,LPR2005a,2005,Right,Party,2004,0,0,0,0,460,34,7.39,155,33.7,PiS,R,155,33.7,PiS,R,1,F,-0.87,4.488618392,-1.665415542,4.343758668,0.84783594,4.488618392,-0.144859725,4,4.26,1,0.739,0.065656566,0.13,0,0.292992935,0,0.932935313,1,0.932935313,0,0.648,0
0,Polen,C,LPR,LPR2005b,2005,Right,Party,2004,0,1,0,1,460,34,7.39,155,33.7,PiS,R,155,33.7,PiS,R,1,F,-0.87,4.488618392,-1.665415542,4.343758668,0.84783594,4.488618392,-0.144859725,4,4.26,1,0.739,0.065656566,0.13,0,0.292992935,0,0.932935313,1,0.932935313,0,0.648,0
0,Lettland,C,LVP,LVP1995a,1995,Left,Party,2004,0,1,0,1,100,8,8,18,18,DPS,L,18,18,DPS,L,1,L,0,3.044513866,0.619042505,2.397902545,0.955659768,0.619042505,-0.336617263,0,7.59,1,0.8,0.501246883,1,0.277745933,1,1,0.844158675,1,1,0,0,0
0,Lettland,C,LVP,LVP1995b,1995,Left,Party,2004,0,0,0,0,100,8,8,18,18,DPS,L,18,18,DPS,L,1,L,0,3.044513866,0.619042505,2.397902545,0.955659768,0.619042505,-0.336617263,0,7.59,1,0.8,0.501246883,1,0.277745933,1,1,0.844158675,1,1,0,0,0
0,Lettland,C,LVP,LVP1995c,1995,Left,Party,2004,0,0,0,0,100,8,8,18,18,DPS,L,18,18,TB,R,0,F,0,3.044513866,0.619042505,2.708052868,0.747141889,0.619042505,-0.128099384,0,7.59,1,0.8,0.501246883,1,0.277745933,1,1,0.94069473,1,1,0,0,0
0,Lettland,C,LVP,LVP1995d,1995,Left,Party,2004,0,0,0,0,100,8,8,18,18,DPS,L,18,18,TB,R,0,F,0,3.044513866,0.619042505,2.708052868,0.747141889,0.619042505,-0.128099384,0,7.59,1,0.8,0.501246883,1,0.277745933,1,1,0.94069473,1,1,0,0,0
0,Lettland,C,NA,NA2010,2010,Right,Party,2004,1,0,0,0,100,8,8,33,33,V,R,33,33,V,R,1,F,0,1.609379247,1.945841575,3.044474818,1.466198625,1.609379247,0,0,3.93,1,0.8,0.501246883,0.2,1,1,1,1,1,1,0,0.714,0
0,Lettland,C,NA,NA2011a,2011,Right,Party,2004,1,1,0,1,100,14,14,20,20,V,R,20,20,V,R,1,F,6,1.767721152,1.098685619,2.397967997,0.847164536,1.767721152,0,1,4.52,1,1,1,1,0.92595637,1,0.92595637,1,1,1,0,0.596,0
0,Lettland,C,NA,NA2011b,2011,Right,Party,2004,1,1,0,1,100,14,14,20,20,V,R,20,20,V,R,1,F,6,1.767721152,1.098685619,2.397967997,0.847164536,1.767721152,0,1,4.52,1,1,1,1,0.92595637,1,0.92595637,1,1,1,0,0.596,0
0,Lettland,C,NA,NA2014,2014,Right,Party,2004,1,1,0,1,100,17,17,23,23,V,R,23,23,V,R,1,F,3,1.435183576,-0.510852287,2.564941665,0.955583756,1.435183576,0,4,5.13,1,0.8,0.875311721,1,1,0.801356773,1,1,1,1,0,0.474,0
0,Frankrike,W,PCF,PCF1993,1993,Left,Party,1952,0,0,0,0,577,24,4.16,53,9.19,PS,L,242,41.94,RPR,R,0,F,-0.52,-1.098850102,-2.434004632,0.1669759,-0.077015972,-2.434004632,-2.35698866,47,2.86,1,0.332,0.242424242,0,1,0,0,0,0.477818325,0.477818325,1,0.928,0
0,Frankrike,W,PCF,PCF1997a,1997,Left,Party,1952,0,1,0,1,577,35,6.07,255,44.19,PS,L,255,44.19,PS,L,1,F,1.91,0,-1.466198625,0.452074207,0.310005846,-1.466198625,-1.776204471,51,3.54,1,0.607,0.739401496,0,1,0.38354608,0.38354608,0.202476722,0.641152618,0.641152618,1,0.792,0
0,Frankrike,W,PCF,PCF1997b,1997,Left,Party,1952,0,0,0,0,577,35,6.07,255,44.19,PS,L,140,24.26,RPR,R,0,F,1.91,0,-1.466198625,0.587659555,2.39781527,-1.466198625,-3.864013895,51,3.54,1,0.607,0.739401496,1,1,0.38354608,0.38354608,0,0,0,1,0.792,0
0,Frankrike,W,PCF,PCF2002,2002,Left,Party,1952,0,0,0,0,577,21,3.64,140,24.26,PS,L,358,62.05,UMP,R,0,F,-2.43,0.510825624,1.223775432,1.398079956,-0.998724203,1.223775432,0,56,2.26,1,0.228,0,0,1,1,1,1,1,1,1,1,0
0,Frankrike,W,PCF,PCF2007a,2007,Left,Party,1952,0,0,0,0,577,15,2.6,186,32.24,PS,L,313,54.25,UMP,R,0,F,-1.04,-0.847964749,-1.316089276,1.426037003,1.149013736,-1.316089276,-2.465103011,61,2.49,1,0.02,0,0,1,0.451777602,0.451777602,0,0.442018871,0.442018871,1,1,0
0,Frankrike,W,PCF,PCF2007b,2007,Left,Party,1952,0,0,0,0,577,15,2.6,186,32.24,PS,L,186,32.24,PS,L,1,F,-1.04,-0.847964749,-1.316089276,1.017195074,-0.816667471,-1.316089276,-0.499421804,61,2.49,1,0.02,0,0.276,1,0.451777602,0.451777602,0.768786202,0.991917087,0.991917087,1,1,0
0,Frankrike,W,PCF,PCF2017,2017,Left,Party,1952,0,0,0,0,577,10,1.73,29,5.03,PS,L,113,19.58,UMP,R,0,F,0,1.60950191,-2.197215688,2.113168619,1.366767778,-2.197215688,-3.563983467,71,3,1,0,0.501246883,1,1,0.051265596,0.051265596,0,0.07815117,0.07815117,1,0.9,0
0,Italien,W,PdCI,PdCI2001a,2001,Left,Party,1952,0,0,0,0,609,10,1.64,137,22.5,DS,L,193,31.69,FI,R,0,F,0,0.229498672,0.78640891,1.895180231,2.866349593,0.78640891,-2.079940684,0,5.3,1,0,0.501246883,0.331,1,1,1,0.072674921,0.557708603,0.557708603,0,0.44,0
0,Italien,W,PdCI,PdCI2001b,2001,Left,Party,1952,0,0,0,0,609,10,1.64,137,22.5,DS,L,193,31.69,FI,R,0,F,0,0.229498672,0.78640891,1.895180231,2.866349593,0.78640891,-2.079940684,0,5.3,1,0,0.501246883,0.331,1,1,1,0.072674921,0.557708603,0.557708603,0,0.44,0
0,Italien,W,PdCI,PdCI2006,2006,Left,Party,1952,0,1,0,1,630,16,2.54,225,35.71,ULIVO,L,225,35.71,ULIVO,L,1,F,0.9,-0.02720814,-0.751736085,-0.02720814,-0.751736085,-0.751736085,0,5,5.06,1,0.008,0.613466334,0,1,0.69752755,0.69752755,1,1,1,0.125,0.488,0
0,Italien,W,PRC,PRC1992a,1992,Left,Party,1952,0,0,0,0,630,35,5.56,107,16.98,DS,L,92,14.6,PSI,L,1,F,0,-2.196755578,-3.970233044,-0.149777188,0.497035156,-3.970233044,-4.4672682,0,5.71,1,0.556,0.501246883,1,1,0,0,0,0,0,0,0.358,0
0,Italien,W,PRC,PRC1992b,1992,Left,Party,1952,0,0,0,0,630,35,5.56,107,16.98,DS,L,206,32.7,DC,R,0,L,0,-2.196755578,-3.970233044,1.250278965,0.312238196,-3.970233044,-4.28247124,0,5.71,1,0.556,0.501246883,0.23,1,0,0,0,0,0,0,0.358,0
0,Italien,W,PRC,PRC1994,1994,Left,Party,1952,0,0,0,0,630,39,6.19,124,19.68,DS,L,134,21.27,FI,R,0,F,0.63,1.098585622,1.510630765,0.467110936,3.962539537,1.510630765,-2.451908773,2,7.67,1,0.619,0.579800499,1,1,1,1,0,0.446387824,0.446387824,0,0,0
0,Italien,W,PRC,PRC1996a,1996,Left,Party,1952,0,0,1,0.6,630,35,5.56,176,27.94,DS,L,72,11.43,PPI,L,1,F,-0.63,-0.452070075,-1.414056042,1.098472279,1.334918754,-1.414056042,-2.748974796,4,6.09,1,0.556,0.186868687,1,1,0.407247254,0.407247254,0,0.348021591,0.348021591,0,0.282,0
0,Italien,W,PRC,PRC1996b,1996,Left,Party,1952,0,1,0,1,630,14,2.22,176,27.94,DS,L,176,27.94,DS,L,1,F,-0.63,-0.452070075,-1.414056042,1.021730806,0.587752442,-1.414056042,-2.001808484,4,6.09,1,0,0.186868687,0.706,1,0.407247254,0.407247254,0.10606475,0.579173493,0.579173493,0,0.282,0
0,Italien,W,PRC,PRC2001a,2001,Left,Party,1952,0,0,0,0,609,11,1.81,137,22.5,DS,L,193,31.69,FI,R,0,F,-3.75,-2.11613253,-0.943614842,1.895180231,2.866349593,-0.943614842,-3.809964435,9,5.3,1,0,0,0.331,1,0.614821189,0.614821189,0,0,0,0.625,0.44,0
0,Italien,W,PRC,PRC2001b,2001,Left,Party,1952,0,0,0,0,609,11,1.81,137,22.5,DS,L,193,31.69,FI,R,0,F,-3.75,-2.11613253,-0.943614842,1.895180231,2.866349593,-0.943614842,-3.809964435,9,5.3,1,0,0,0.331,1,0.614821189,0.614821189,0,0,0,0.625,0.44,0
0,Italien,W,PRC,PRC2006,2006,Left,Party,1952,0,1,0,1,630,41,6.51,225,35.71,ULIVO,L,225,35.71,ULIVO,L,1,F,4.7,-0.02720814,-0.751736085,-0.02720814,-0.751736085,-0.751736085,0,14,5.06,1,0.651,1,0,1,0.69752755,0.69752755,1,1,1,1,0.488,1
0,Rumänien,C,PRM,PRM1992a,1992,Right,Party,2007,0,0,1,0.51,341,16,4.69,82,24.05,CDR,R,117,34.31,PSD,L,0,L,0,1.776560447,-0.510573922,1.72335151,-0.908080924,1.776560447,-0.053208937,0,4.78,1,0.438,0.501246883,0.069,0.921204061,0.801476758,0.921204061,0.975366233,1,0.975366233,0,0.544,0
0,Rumänien,C,PRM,PRM1992b,1992,Right,Party,2007,0,0,1,0.51,341,16,4.69,82,24.05,CDR,R,117,34.31,PSD,L,0,L,0,1.776560447,-0.510573922,1.72335151,-0.908080924,1.776560447,-0.053208937,0,4.78,1,0.438,0.501246883,0.069,0.921204061,0.801476758,0.921204061,0.975366233,1,0.975366233,0,0.544,0
0,Rumänien,C,PRM,PRM1992c,1992,Right,Party,2007,0,0,1,0.51,341,16,4.69,82,24.05,CDR,R,117,34.31,PSD,L,0,L,0,1.776560447,-0.510573922,1.72335151,-0.908080924,1.776560447,-0.053208937,0,4.78,1,0.438,0.501246883,0.069,0.921204061,0.801476758,0.921204061,0.975366233,1,0.975366233,0,0.544,0
0,Rumänien,C,PRM,PRM1996,1996,Right,Party,2007,0,0,0,0,343,19,5.54,122,35.57,PNT-CD,R,122,35.57,PNT-CD,R,1,F,0.85,2.197269021,1.098745613,2.564929357,-0.847316907,2.197269021,0,4,4.31,1,0.554,0.60723192,0,0.695016655,1,0.695016655,1,1,1,0,0.638,0
0,Rumänien,C,PRM,PRM2000a,2000,Right,Party,2007,0,0,0,0,345,84,24.35,30,8.7,PNL,R,155,44.93,PSD,L,0,F,18.81,0.653848192,-2.097199468,2.37847522,-2.009067911,0.653848192,0,8,3.56,1,0,1,0,1,0.096727515,1,1,1,1,0.5,0.788,0
0,Rumänien,C,PRM,PRM2000b,2000,Right,Party,2007,0,0,0,0,345,84,24.35,30,8.7,PNL,R,155,44.93,PSD,L,0,F,18.81,0.653848192,-2.097199468,2.37847522,-2.009067911,0.653848192,0,8,3.56,1,0,1,0,1,0.096727515,1,1,1,1,0.5,0.788,0
0,Rumänien,C,PRM,PRM2004a,2004,Right,Party,2007,0,0,0,0,345,48,13.91,112,32.46,DA,R,112,32.46,PNL,L,0,F,-10.44,2.707836845,-0.379202914,3.049870044,0.65201226,2.707836845,0,12,3.36,1,1,0,0.254,0.432184933,0.858102192,0.432184933,1,1,1,1,0.828,0
0,Rumänien,C,PRM,PRM2004b,2004,Right,Party,2007,0,0,0,0,345,48,13.91,112,32.46,DA,R,112,32.46,PNL,L,0,F,-10.44,2.707836845,-0.379202914,3.049870044,0.65201226,2.707836845,0,12,3.36,1,1,0,0.254,0.432184933,0.858102192,0.432184933,1,1,1,1,0.828,0
0,Finland,W,PS,PS1999,1999,Right,Party,1994,1,0,0,0,200,1,0.5,48,24,KESK,R,51,25.5,SDP,L,0,F,0,2.871397783,0.570522386,-2.197151241,2.564929357,2.871397783,-5.068549024,0,5.15,1,0,0.501246883,0.95,0.35715698,1,0.35715698,0,0,0,0,0.47,0
0,Finland,W,PS,PS2003,2003,Right,Party,1994,0,0,0,0,200,3,1.5,55,27.5,KESK,R,55,27.5,KESK,R,1,F,1,2.871397783,0.570522386,1.610237593,-0.066630941,2.871397783,-1.26116019,4,4.93,1,0,0.625935162,0.75,0.35715698,1,0.35715698,0.422581115,0.782648299,0.422581115,0,0.514,0
0,Finland,W,PS,PS2007,2007,Right,Party,1994,0,0,0,0,200,5,2.5,51,25.5,KESK,R,51,25.5,KESK,R,1,F,1,4.05282169,-0.457881149,1.912971384,0.928733819,4.05282169,-2.139850306,8,5.13,1,0,0.625935162,0.95,0,0.82418916,0,0.047072519,0.541249916,0.047072519,0.5,0.474,0
0,Finland,W,PS,PS2011a,2011,Right,Party,1994,0,0,0,0,200,39,19.5,44,22,KOK,R,44,22,KOK,R,1,F,17,2.583327053,-0.769218836,0.100083459,1.926678787,2.583327053,-2.483243594,12,5.83,1,0.55,1,1,0.489299517,0.689991881,0.489299517,0,0.436012055,0,1,0.334,0
0,Finland,W,PS,PS2011b,2011,Right,Party,1994,0,0,0,0,200,39,19.5,44,22,KOK,R,44,22,KOK,R,1,F,17,2.583327053,-0.769218836,0.100083459,1.926678787,2.583327053,-2.483243594,12,5.83,1,0.55,1,1,0.489299517,0.689991881,0.489299517,0,0.436012055,0,1,0.334,0
0,Litauen,C,PTT,PTT2004a,2004,Right,Coalition,2004,1,0,0,0,141,10,7.09,39,27.66,DP,R,31,21.99,LSDP,L,0,F,0,0.67466853,0,1.244227788,-0.630371599,0.67466853,0,0,5.46,1,0.709,0.501246883,1,1,1,1,1,1,1,0,0.408,0
0,Litauen,C,PTT,PTT2004b,2004,Right,Coalition,2004,1,0,0,0,141,10,7.09,39,27.66,DP,R,31,21.99,LSDP,L,0,F,0,0.67466853,0,1.244227788,-0.630371599,0.67466853,0,0,5.46,1,0.709,0.501246883,1,1,1,1,1,1,1,0,0.408,0
0,Litauen,C,PTT,PTT2004c,2004,Right,Coalition,2004,1,0,0,0,141,10,7.09,32,22.7,DP,R,31,21.99,LSDP,L,0,F,0,0.67466853,0,1.244227788,-0.630371599,0.67466853,0,0,5.46,1,0.709,0.501246883,1,1,1,1,1,1,1,0,0.408,0
0,Litauen,C,PTT,PTT2008,2008,Right,Party,2004,1,0,0,0,141,15,10.64,45,31.91,TS-LK,R,45,31.91,TS-LK,R,1,F,3.55,1.26733129,-0.252047304,2.103919294,0.72492238,1.26733129,0,4,5.78,1,1,0.943890274,0.309,1,0.912910645,1,1,1,1,0,0.344,0
0,Litauen,C,PTT,PTT2012,2012,Right,Party,2004,1,1,0,1,141,12,8.51,33,23.4,TS-LK,R,38,26.95,LSDP,L,0,F,-2.13,2.781510439,-0.256580795,0.408418761,0.748787034,2.781510439,-2.373091678,8,5.28,1,0.851,0,0.805,0.398389707,0.910956554,0.398389707,0,0.472486199,0,0.5,0.444,0
0,Rumänien,C,PUNR,PUNR1990,1990,Right,Party,2007,1,0,0,0,396,9,2.27,29,7.32,PNL,R,263,66.41,PD,R,1,F,0,1.665054564,0.166980511,-1.098745613,-0.336312249,1.665054564,-2.763800177,0,2.2,1,0,0.501246883,0,0.98115346,1,0.98115346,0,0.343112524,0,0,1,0
0,Rumänien,C,PUNR,PUNR1992a,1992,Right,Party,2007,1,0,1,0.51,341,30,8.8,82,24.05,CDR,R,117,34.31,PSD,L,0,F,6.53,1.776560447,-0.510573922,1.72335151,-0.908080924,1.776560447,-0.053208937,2,4.78,1,0.88,1,0.069,0.921204061,0.801476758,0.921204061,0.975366233,1,0.975366233,0,0.544,0
0,Rumänien,C,PUNR,PUNR1992b,1992,Right,Party,2007,1,0,1,0.51,341,30,8.8,82,24.05,CDR,R,117,34.31,PSD,L,0,F,6.53,1.776560447,-0.510573922,1.72335151,-0.908080924,1.776560447,-0.053208937,2,4.78,1,0.88,1,0.069,0.921204061,0.801476758,0.921204061,0.975366233,1,0.975366233,0,0.544,0
0,Rumänien,C,PUNR,PUNR1992c,1992,Right,Party,2007,1,0,1,0.51,341,30,8.8,82,24.05,CDR,R,117,34.31,PSD,L,0,F,6.53,1.776560447,-0.510573922,1.72335151,-0.908080924,1.776560447,-0.053208937,2,4.78,1,0.88,1,0.069,0.921204061,0.801476758,0.921204061,0.975366233,1,0.975366233,0,0.544,0
0,Rumänien,C,PUNR,PUNR1996,1996,Right,Party,2007,1,0,0,0,343,18,5.25,122,35.57,PNT-CD,R,122,35.57,PNT-CD,R,1,F,3.55,1.945927292,0.489548633,2.564929357,-0.847316907,1.945927292,0,6,4.31,1,0.525,0.943890274,0,0.830146617,1,0.830146617,1,1,1,0.25,0.638,0
0,Nederländerna,W,PVV,PVV2006,2006,Right,Party,1952,0,0,0,0,150,9,6,41,27.33,CDA,R,41,27.33,CDA,R,1,F,0,3.26567407,2.70814353,0.688330195,1.566695306,3.26567407,-2.577343875,0,5.54,1,0.6,0.501246883,0.767,0.176296298,1,0.176296298,0,0.404853022,0,0,0.392,0
0,Nederländerna,W,PVV,PVV2010,2010,Right,Party,1952,0,0,1,0.7,150,24,16,31,20.67,VVD,R,31,20.67,VVD,R,1,F,10,3.421411002,1.393740751,2.183407655,1.463486348,3.421411002,-1.238003347,4,6.74,1,0.9,1,1,0.104857339,1,0.104857339,0.432477202,0.78901007,0.432477202,0,0.152,1
0,Nederländerna,W,PVV,PVV2012,2012,Right,Party,1952,0,0,0,0,150,15,10,41,27.33,VVD,R,41,27.33,VVD,R,1,F,-4,3.635944716,0.570433791,1.323289486,1.923879692,3.635944716,-2.31265523,6,5.7,1,1,0,0.767,0.006447378,1,0.006447378,0,0.492498268,0,0.25,0.36,0
0,Danmark,W,SF,SF1990a,1990,Left,Party,1973,0,0,0,0,179,15,8.38,30,16.76,KF,L,30,16.76,KF,R,0,F,-5.03,1.525986214,0.847609409,2.19748907,3.433954301,0.847609409,-2.586344892,30,4.36,1,0.838,0,1,1,1,1,0,0.401872552,0.401872552,1,0.628,0
0,Danmark,W,SF,SF1990b,1990,Left,Party,1973,0,0,0,0,179,15,8.38,30,16.76,KF,L,69,38.55,SD,L,1,F,-5.03,1.525986214,0.847609409,1.098652288,-0.510833623,0.847609409,0,30,4.36,1,0.838,0,0,1,1,1,1,1,1,1,0.628,0
0,Danmark,W,SF,SF1994,1994,Left,Party,1973,0,0,1,0.6,179,13,7.26,62,34.64,SD,L,62,34.64,SD,L,1,F,-1.12,-0.718718617,-0.490000226,0.211155203,-1.299372655,-0.490000226,0,34,4.54,1,0.726,0,0.036,1,0.81034473,0.81034473,1,1,1,1,0.592,0
0,Danmark,W,SF,SF1998,1998,Left,Party,1973,0,0,1,0.6,179,13,7.26,63,35.2,SD,L,63,35.2,SD,L,1,F,0,1.099070227,-1.099277864,1.876473223,4.007298276,-1.099277864,-5.106576139,38,4.71,1,0.726,0.501246883,0,1,0.547725059,0.547725059,0,0,0,1,0.558,0
0,Danmark,W,SF,SF2001,2001,Left,Party,1973,0,0,0,0,179,12,6.7,52,29.05,SD,L,56,31.28,V,R,0,F,-0.56,3.36727514,-0.336826545,1.860716278,2.833196873,-0.336826545,-3.170023418,41,4.48,1,0.67,0.222222222,0.372,0.129690303,0.876367869,0.876367869,0,0.208601517,0.208601517,1,0.604,0
0,Danmark,W,SF,SF2005,2005,Left,Party,1973,0,0,0,0,179,11,6.15,47,26.26,SD,L,52,29.05,V,R,0,F,-0.56,-2.268626751,0.938256786,4.174370039,4.510828297,0.938256786,-3.572571511,45,4.89,1,0.615,0.222222222,0.595,1,1,1,0,0.075307447,0.075307447,1,0.522,0
0,Danmark,W,SF,SF2007,2007,Left,Party,1973,1,0,0,0,179,23,12.85,45,25.14,SD,L,46,25.7,V,R,0,F,6.7,0,0,0.868879449,0.510853358,0,-0.510853358,47,5.33,1,1,1,0.93,1,1,1,0.763493816,0.98877655,0.98877655,1,0.434,0
0,Danmark,W,SF,SF2011a,2011,Left,Party,1973,1,1,0,1,179,16,8.94,44,24.58,SD,L,44,24.58,SD,L,1,F,-3.91,-0.846207981,-2.475302142,1.945838718,0,-2.475302142,-2.475302142,51,5.61,1,0.894,0,1,1,0,0,0,0.438641675,0.438641675,1,0.378,0
0,Danmark,W,SF,SF2011b,2011,Left,Party,1973,1,0,0,0,179,16,8.94,44,24.58,SD,L,44,24.58,SD,L,1,F,-3.91,-0.846207981,-2.475302142,1.945838718,0,-2.475302142,-2.475302142,51,5.61,1,0.894,0,1,1,0,0,0,0.438641675,0.438641675,1,0.378,0
0,Slovakien,C,SkNS,SkNS1990,1990,Right,Party,2004,0,0,0,0,150,22,14.67,48,32,VPN,R,48,32,VPN,R,1,F,0,3.850146751,0.847318811,-0.510865618,0.351310183,3.850146751,-4.361012368,0,4.98,1,1,0.501246883,0.3,0,1,0,0,0,0,0,0.504,0
0,Slovakien,C,SkNS,SkNS1992a,1992,Right,Party,2004,0,0,0,0,150,15,10,74,49.33,HZDS,R,74,49.33,HZDS,R,1,F,-4.67,4.394569641,-0.220826811,2.33517796,-0.546511938,4.394569641,-2.059391682,2,3.19,1,1,0,0,0,0.926367754,0,0.081456546,0.563353934,0.081456546,0,0.862,0
0,Slovakien,C,SkNS,SkNS1992b,1992,Right,Party,2004,0,1,0,1,150,15,10,74,49.33,HZDS,R,74,49.33,HZDS,R,1,F,-4.67,4.394569641,-0.220826811,2.33517796,-0.546511938,4.394569641,-2.059391682,2,3.19,1,1,0,0,0,0.926367754,0,0.081456546,0.563353934,0.081456546,0,0.862,0
0,Slovakien,C,SkNS,SkNS1992c,1992,Right,Party,2004,0,1,0,1,150,9,6,56,37.33,HZDS,R,10,6.67,DUS,R,1,F,-4.67,4.394569641,-0.220826811,2.33517796,-0.546511938,4.394569641,-2.059391682,2,3.19,1,0.6,0,1,0,0.926367754,0,0.081456546,0.563353934,0.081456546,0,0.862,0
0,Slovakien,C,SkNS,SkNS1994,1994,Right,Party,2004,0,1,0,1,150,9,6,61,40.67,HZDS,R,61,40.67,HZDS,R,1,F,-4,2.468580042,2.120751183,1.259079187,0.279731078,2.468580042,-1.209500855,4,4.41,1,0.6,0,0,0.549150515,1,0.549150515,0.444657754,0.796840424,0.444657754,0,0.618,0
0,Slovakien,C,SkNS,SkNS1998,1998,Right,Party,2004,0,0,0,0,150,14,9.33,43,28.67,HZDS,R,42,28,SDK,R,1,F,3.33,4.116204252,-0.109662276,2.703350525,1.524089684,4.116204252,-1.412853728,8,4.75,1,0.933,0.916458853,0.7,0,0.974283502,0,0.357754817,0.740974251,0.357754817,0.5,0.55,0
0,Slovakien,C,SkNS,SkNS2006,2006,Right,Party,2004,0,1,0,1,150,20,13.33,31,20.67,SDKU,R,50,33.33,Smer,L,0,F,0,2.843652455,0.770374736,4.174531875,0.669051719,2.843652455,0,0,4.81,1,1,0.501246883,0.167,0.369884195,1,0.369884195,1,1,1,0,0.538,0
0,Slovakien,C,SkNS,SkNS2010,2010,Right,Party,2004,0,0,0,0,150,9,6,28,18.67,SDKU,R,28,18.67,SDKU,R,1,F,-7.33,2.944742797,2.541328445,1.834986641,2.577642377,2.944742797,-1.109756156,4,4.01,1,0.6,0,1,0.323512478,1,0.323512478,0.487283694,0.824242814,0.487283694,0,0.698,0
0,Polen,C,SRP,SRP2001a,2001,Right,Party,2004,0,0,0,0,460,53,11.52,65,14.13,PO,R,216,46.96,SLD,L,0,F,0,0,0.887323027,2.502916333,0.925436785,0,0,0,3.6,1,1,0.501246883,0,1,1,1,1,1,1,0,0.78,0
0,Polen,C,SRP,SRP2001b,2001,Right,Party,2004,0,0,0,0,460,53,11.52,65,14.13,PO,R,216,46.96,SLD,L,0,F,0,0,0.887323027,2.502916333,0.925436785,0,0,0,3.6,1,1,0.501246883,0,1,1,1,1,1,1,0,0.78,0
0,Polen,C,SRP,SRP2001c,2001,Right,Party,2004,0,0,0,0,460,53,11.52,65,14.13,PO,R,183,39.78,SLD,L,0,F,0,0,0.887323027,2.502916333,0.925436785,0,0,0,3.6,1,1,0.501246883,0,1,1,1,1,1,1,0,0.78,0
0,Polen,C,SRP,SRP2005a,2005,Right,Party,2004,0,0,0,0,460,56,12.17,155,33.7,PiS,R,155,33.7,PiS,R,1,F,0.65,1.71792205,-1.262239314,4.343758668,0.84783594,1.71792205,0,4,4.26,1,1,0.582294264,0.13,0.952730081,0.476254857,0.952730081,1,1,1,0,0.648,0
0,Polen,C,SRP,SRP2005b,2005,Right,Party,2004,0,1,0,1,460,56,12.17,155,33.7,PiS,R,155,33.7,PiS,R,1,F,0.65,1.71792205,-1.262239314,4.343758668,0.84783594,1.71792205,0,4,4.26,1,1,0.582294264,0.13,0.952730081,0.476254857,0.952730081,1,1,1,0,0.648,1
0,Norge,W,SV,SV1993,1993,Left,Party,NA,0,0,1,0.51,165,13,7.88,67,40.61,Ap,L,67,40.61,Ap,L,1,F,2.42,-0.086506027,-0.075624749,0.326997574,1.310630156,-0.075624749,-1.386254905,20,4.04,1,0.788,0.802992519,0,1,0.98895485,0.98895485,0.369121835,0.74828162,0.74828162,1,0.692,1
0,Norge,W,SV,SV1997a,1997,Left,Party,NA,0,0,0,0,165,9,5.45,65,39.39,Ap,L,25,15.15,KrF,R,0,F,-2.43,-0.323647108,-1.465571663,1.466488438,0.310182799,-1.465571663,-1.775754462,24,4.36,1,0.545,0,1,1,0.383831062,0.383831062,0.202669033,0.641276247,0.641276247,1,0.628,0
0,Norge,W,SV,SV1997b,1997,Left,Party,NA,0,0,0,0,165,9,5.45,65,39.39,Ap,L,65,39.39,DNA,L,1,F,-2.43,-0.323647108,-1.465571663,0.097140189,0.17507039,-1.465571663,-1.640642053,24,4.36,1,0.545,0,0,1,0.383831062,0.383831062,0.260409379,0.67839504,0.67839504,1,0.628,0
0,Norge,W,SV,SV2001,2001,Left,Party,NA,0,0,0,0,165,23,13.94,43,26.06,Ap,L,22,13.33,KrF,R,0,F,8.49,0.146650192,-3.93255222,1.348346621,0.545970292,-3.93255222,-4.478522513,28,5.35,1,1,1,1,1,0,0,0,0,0,1,0.43,0
0,Norge,W,SV,SV2005,2005,Left,Party,NA,0,1,0,1,169,15,8.88,61,36.09,Ap,L,61,36.09,Ap,L,1,F,-5.06,-0.688184598,-1.672064675,0.212592249,-0.636216591,-1.672064675,-1.035848084,32,4.56,1,0.888,0,0,1,0.289970602,0.289970602,0.520440702,0.84454723,0.84454723,1,0.588,0
0,Norge,W,SV,SV2009,2009,Left,Party,NA,0,1,0,1,169,11,6.51,64,37.87,Ap,L,64,37.87,Ap,L,1,F,-2.37,-1.061053619,-1.779397387,-0.14388236,0.132612728,-1.779397387,-1.912010114,36,4.07,1,0.651,0,0,1,0.241183006,0.241183006,0.144440122,0.603843375,0.603843375,1,0.686,0
0,Grekland,W,SYN,SYN1990,1990,Left,Coalition,1981,0,0,0,0,300,19,6.33,123,41,PASOK,L,150,50,ND,R,0,F,-0.67,1.09854116,-0.329380611,3.610951426,0.646630455,-0.329380611,-0.976011066,1,2.37,1,0.633,0.166666667,0,1,0.879577323,0.879577323,0.548143025,0.860985971,0.860985971,0,1,0
0,Grekland,W,SYN,SYN1996,1996,Left,Party,1981,0,0,0,0,300,11,3.67,162,54,PASOK,L,162,54,PASOK,L,1,F,0,-1.098845595,-1.945824431,2.167053467,0.047355335,-1.945824431,-1.993179766,0,2.36,1,0.234,0.501246883,0,1,0.16553435,0.16553435,0.109752237,0.58154402,0.58154402,0,1,0
0,Grekland,W,SYN,SYN2000,2000,Left,Party,1981,0,0,0,0,300,6,2,158,52.67,PASOK,L,158,52.67,PASOK,L,1,F,-1.67,-2.312134341,-0.803232922,0.852403864,-0.131831105,-0.803232922,-0.671401817,4,2.21,1,0,0,0,1,0.675330637,0.675330637,0.689165825,0.94466983,0.94466983,0,1,0
0,Grekland,W,SYRIZA,SYRIZA2004,2004,Left,Party,1981,0,0,0,0,300,6,2,116,38.67,PASOK,L,166,55.33,ND,R,0,F,0,-2.708050201,-2.944438979,2.688108337,1.105436463,-2.944438979,-4.049875443,0,2.19,1,0,0.501246883,0,1,0,0,0,0,0,0,1,0
0,Grekland,W,SYRIZA,SYRIZA2007,2007,Left,Party,1981,0,0,0,0,300,14,4.67,102,34,PASOK,L,152,50.67,ND,R,0,F,2.67,-1.609565904,-1.945887292,3.434049138,1.745767737,-1.945887292,-3.691655029,3,2.62,1,0.434,0.834164589,0,1,0.165505776,0.165505776,0,0.035875818,0.035875818,0,0.976,0
0,Grekland,W,SYRIZA,SYRIZA2009,2009,Left,Party,1981,0,0,0,0,300,13,4.33,160,53.33,PASOK,L,160,53.33,PASOK,L,1,F,-0.34,-1.945567233,-1.609117861,-0.25463339,-1.18827338,-1.609117861,-0.420844481,5,2.59,1,0.366,0.333333333,0,1,0.31858279,0.31858279,0.805164592,1,1,0.125,0.982,0
0,Grekland,W,SYRIZA,SYRIZA2012IIa,2012,Left,Party,1981,0,0,0,0,300,71,23.67,33,11,PASOK,L,129,43,ND,R,0,F,6.34,2.613149111,-0.475334367,1.609357909,2.662522714,-0.475334367,-3.13785708,8,3.76,1,0,1,0,0.475619674,0.816666221,0.816666221,0,0.219252623,0.219252623,0.5,0.748,0
0,Grekland,W,SYRIZA,SYRIZA2012IIb,2012,Left,Party,1981,0,0,0,0,300,71,23.67,33,11,PASOK,L,129,43,ND,R,0,F,6.34,2.613149111,-0.475334367,1.609357909,2.662522714,-0.475334367,-3.13785708,8,3.76,1,0,1,0,0.475619674,0.816666221,0.816666221,0,0.219252623,0.219252623,0.5,0.748,0
0,Lettland,C,TB/LNNK,TB/LNNK1998a,1998,Right,Party,2004,1,1,0,1,100,17,17,21,21,LC,R,21,21,LC,R,1,F,3,1.994047456,0.504782122,1.67700811,0.557206292,1.994047456,-0.317039346,5,5.49,1,0.8,0.875311721,1,0.804275561,1,0.804275561,0.853222525,1,0.853222525,0.125,0.402,0
0,Lettland,C,TB/LNNK,TB/LNNK1998b,1998,Right,Party,2004,1,1,0,1,100,17,17,21,21,LC,R,24,24,TP,R,1,F,3,1.994047456,0.504782122,2.072294656,0,1.994047456,0,5,5.49,1,0.8,0.875311721,1,0.804275561,1,0.804275561,1,1,1,0.125,0.402,0
0,Lettland,C,TB/LNNK,TB/LNNK1998c,1998,Right,Party,2004,1,1,0,1,100,17,17,21,21,LC,R,21,21,LC,R,1,F,3,1.994047456,0.504782122,1.67700811,0.557206292,1.994047456,-0.317039346,5,5.49,1,0.8,0.875311721,1,0.804275561,1,0.804275561,0.853222525,1,0.853222525,0.125,0.402,0
0,Lettland,C,TB/LNNK,TB/LNNK2002a,2002,Right,Party,2004,1,0,0,0,100,7,7,26,26,JL,R,26,26,JL,R,1,F,-10,1.421351198,2.19716902,2.944450558,1.945984432,1.421351198,0,9,5.02,1,0.7,0,0.9,1,1,1,1,1,1,0.625,0.496,0
0,Lettland,C,TB/LNNK,TB/LNNK2002b,2002,Right,Party,2004,1,0,0,0,100,7,7,26,26,JL,R,12,12,ZZS,R,1,F,-10,1.421351198,2.19716902,1.945941577,0.587879108,1.421351198,0,9,5.02,1,0.7,0,1,1,1,1,1,1,1,0.625,0.496,0
0,Lettland,C,TB/LNNK,TB/LNNK2002c,2002,Right,Party,2004,1,0,0,0,100,7,7,26,26,JL,R,20,20,TP,R,1,F,-10,1.421351198,2.19716902,2.197269021,1.299113295,1.421351198,0,9,5.02,1,0.7,0,1,1,1,1,1,1,1,0.625,0.496,0
0,Lettland,C,TB/LNNK,TB/LNNK2002d,2002,Right,Party,2004,1,1,0,1,100,7,7,26,26,JL,R,20,20,TP,R,1,F,-10,1.421351198,2.19716902,2.197269021,1.299113295,1.421351198,0,9,5.02,1,0.7,0,1,1,1,1,1,1,1,0.625,0.496,0
0,Lettland,C,TB/LNNK,TB/LNNK2006a,2006,Right,Party,2004,1,1,0,1,100,8,8,23,23,TP,R,23,23,TP,R,1,F,1,3.295829459,0.8471731,1.945875863,0,3.295829459,-1.349953596,13,6,1,0.8,0.625935162,1,0.162463551,1,0.162463551,0.384635215,0.758254507,0.384635215,1,0.3,1
0,Lettland,C,TB/LNNK,TB/LNNK2006b,2006,Right,Party,2004,1,1,0,1,100,8,8,23,23,TP,R,10,10,LPP,R,1,F,1,3.295829459,0.8471731,1.845631624,0.33656652,3.295829459,-1.450197835,13,6,1,0.8,0.625935162,1,0.162463551,1,0.162463551,0.341795797,0.73071488,0.341795797,1,0.3,1
0,Lettland,C,TB/LNNK,TB/LNNK2006c,2006,Right,Party,2004,1,1,0,1,100,5,5,23,23,TP,R,14,14,JL,R,1,F,1,3.295829459,0.8471731,3.496523925,0.587784443,3.295829459,0,13,6,1,0.51,0.625935162,1,0.162463551,1,0.162463551,1,1,1,1,0.3,0
0,Lettland,C,TB/LNNK,TB/LNNK2006d,2006,Right,Party,2004,1,1,0,1,100,5,5,23,23,TP,R,14,14,JL,R,1,F,1,3.295829459,0.8471731,3.496523925,0.587784443,3.295829459,0,13,6,1,0.51,0.625935162,1,0.162463551,1,0.162463551,1,1,1,1,0.3,0
0,Lettland,C,TB,TB1993a,1993,Right,Party,2004,1,0,0,0,100,6,6,36,36,LC,R,36,36,LC,R,1,F,0,2.197209022,0,1.097972084,2.042101067,2.197209022,-1.099236938,0,5.05,1,0.6,0.501246883,0,0.695048913,1,0.695048913,0.491779086,0.827132709,0.491779086,0,0.49,0
0,Lettland,C,TB,TB1993b,1993,Right,Party,2004,1,0,0,0,100,6,6,36,36,LC,R,36,36,LC,R,1,F,0,2.197209022,0,1.097972084,2.042101067,2.197209022,-1.099236938,0,5.05,1,0.6,0.501246883,0,0.695048913,1,0.695048913,0.491779086,0.827132709,0.491779086,0,0.49,0
0,Lettland,C,TB,TB1995a,1995,Right,Party,2004,1,1,0,1,100,14,14,17,17,LC,R,18,18,DPS,L,0,L,8,2.708052868,0.747141889,2.397902545,0.955659768,2.708052868,-0.310150322,2,7.59,1,1,1,1,0.43208584,1,0.43208584,0.856411888,1,0.856411888,0,0,0
0,Lettland,C,TB,TB1995b,1995,Right,Party,2004,1,1,0,1,100,18,18,18,18,TB,R,18,18,DPS,L,0,L,8,2.708052868,0.747141889,2.397902545,0.955659768,2.708052868,-0.310150322,2,7.59,1,0.7,1,1,0.43208584,1,0.43208584,0.856411888,1,0.856411888,0,0,0
0,Bulgarien,C,UnitedPatriots,UnitedPatriots2017,2017,Right,Coalition,2007,0,1,0,1,240,27,11.25,95,39.58,GERB,R,95,39.58,GERB,R,1,F,0,2.151709741,1.299215713,3.434352234,1.206541021,2.151709741,0,0,3.39,1,1,0.501246883,0,0.719510892,1,0.719510892,1,1,1,0,0.822,1
0,Sverige,W,V,V1991,1991,Left,Party,1994,0,0,0,0,349,16,4.58,138,39.54,S,L,80,22.92,M,R,0,F,-1.44,-1.945944434,-2.56498628,2.322069006,4.828323977,-2.56498628,-7.393310257,47,4.19,1,0.416,0,1,1,0,0,0,0,0,1,0.662,0
0,Sverige,W,V,V1994,1994,Left,Party,1994,0,0,0,0,349,22,6.3,161,46.13,S,L,161,46.13,S,L,1,F,1.72,0,-1.212967603,1.299814071,4.465918234,-1.212967603,-5.678885837,50,3.5,1,0.63,0.715710723,0,1,0.49865109,0.49865109,0,0,0,1,0.8,0
0,Sverige,W,V,V1998,1998,Left,Party,1994,0,0,1,0.6,349,43,12.32,131,37.54,S,L,131,37.54,S,L,1,F,6.02,0,-2.007826772,2.398302463,4.31747958,-2.007826772,-6.325306352,54,4.29,1,1,1,0,1,0.137351467,0.137351467,0,0,0,1,0.642,0
0,Sverige,W,V,V2002,2002,Left,Party,1994,0,0,1,0.6,349,30,8.6,144,41.26,S,L,144,41.26,S,L,1,F,-3.72,-2.267925709,-2.398561304,1.04582548,2.457422008,-2.398561304,-4.855983311,58,4.23,1,0.86,0,0,1,0,0,0,0,0,1,0.654,0
0,Sverige,W,V,V2006,2006,Left,Party,1994,0,0,0,0,349,22,6.3,130,37.25,S,L,97,27.79,M,R,0,F,-2.3,-0.601017688,-3.135713196,1.187862957,1.675913008,-3.135713196,-4.811626204,62,4.15,1,0.63,0,0.721,1,0,0,0,0,0,1,0.67,0
0,Sverige,W,V,V2010,2010,Left,Party,1994,0,0,0,0,349,19,5.44,112,32.09,S,L,107,30.66,M,R,0,F,-0.86,-0.336515638,-2.397662518,0.986008536,2.598036964,-2.397662518,-4.995699482,66,4.54,1,0.544,0.070707071,0.434,1,0,0,0,0,0,1,0.592,0
0,Sverige,W,V,V2014,2014,Left,Party,1994,0,0,1,0.6,349,21,6.02,113,32.38,S,L,113,32.38,S,L,1,F,0.58,-1.757245708,-0.143182876,1.357775127,0.27784705,-0.143182876,-0.421029927,70,4.99,1,0.602,0.573566085,0.262,1,0.959834967,0.959834967,0.805078738,1,1,1,0.502,1
0,Finland,W,VAS,VAS1991,1991,Left,Party,1994,0,0,0,0,200,19,9.5,48,24,SDP,L,55,27.5,KESK,R,0,F,-0.5,0,-3.218895025,0,-3.433969785,-3.218895025,0,46,5.23,1,0.95,0.252525253,0.75,1,0,0,1,1,1,1,0.454,0
0,Finland,W,VAS,VAS1995,1995,Left,Party,1994,0,1,0,1,200,22,11,63,31.5,SDP,L,63,31.5,SDP,L,1,F,1.5,0,0,0,2.197209022,0,-2.197209022,50,4.88,1,1,0.688279302,0.35,1,1,1,0.022560247,0.525492027,0.525492027,1,0.524,1
0,Finland,W,VAS,VAS1999,1999,Left,Party,1994,0,1,0,1,200,20,10,51,25.5,SDP,L,51,25.5,SDP,L,1,F,-1,0.762453653,-0.88362275,-2.197151241,2.564929357,-0.88362275,-3.448552107,54,5.15,1,1,0,0.95,1,0.640679849,0.640679849,0,0.116373475,0.116373475,1,0.47,0
0,Finland,W,VAS,VAS2003,2003,Left,Party,1994,0,0,0,0,200,19,9.5,53,26.5,SDP,L,55,27.5,KESK,R,0,F,-0.5,0,0.587862222,1.610237593,-0.066630941,0.587862222,0,58,4.93,1,0.95,0.252525253,0.75,1,1,1,1,1,1,1,0.514,0
0,Finland,W,VAS,VAS2007,2007,Left,Party,1994,0,0,0,0,200,17,8.5,45,22.5,SDP,L,51,25.5,KESK,R,0,F,-1,-0.251015894,-0.747029647,1.912971384,0.928733819,-0.747029647,-1.675763466,62,5.13,1,0.85,0,0.95,1,0.699556187,0.699556187,0.245400228,0.668746301,0.668746301,1,0.474,0
0,Finland,W,VAS,VAS2011a,2011,Left,Party,1994,0,1,0,1,200,14,7,42,21,SDP,L,44,22,KOK,R,0,F,-1.5,0.955268989,-1.825101182,0.100083459,1.926678787,-1.825101182,-3.751779969,66,5.83,1,0.7,0,1,1,0.220408554,0.220408554,0,0.015966898,0.015966898,1,0.334,0
0,Finland,W,VAS,VAS2011b,2011,Left,Party,1994,0,0,0,0,200,14,7,42,21,SDP,L,44,22,KOK,R,0,F,-1.5,0.955268989,-1.825101182,0.100083459,1.926678787,-1.825101182,-3.751779969,66,5.83,1,0.7,0,1,1,0.220408554,0.220408554,0,0.015966898,0.015966898,1,0.334,0
0,Island,W,VGF,VGF1999,1999,Left,Party,NA,0,0,0,0,63,6,9.52,17,26.98,S,L,26,41.27,SSF,R,0,F,0,0.336472237,-1.609437912,0.762216241,1.767673068,-1.609437912,-3.37711098,0,3.45,1,0.952,0.501246883,0,1,0.318437313,0.318437313,0,0.140029477,0.140029477,0,0.81,0
0,Island,W,VGF,VGF2003,2003,Left,Party,NA,0,0,0,0,63,5,7.94,20,31.75,S,L,22,34.92,SSF,R,0,F,-1.58,1.021803351,0.111442369,1.098801633,2.024540484,0.111442369,-1.913098115,4,3.71,1,0.794,0,0.008,1,1,1,0.143975165,0.603544474,0.603544474,0,0.758,0
0,Island,W,VGF,VGF2007,2007,Left,Party,NA,0,0,0,0,63,9,14.29,18,28.57,S,L,25,39.68,SSF,R,0,F,6.35,1.609561905,2.197209022,0.969299499,2.001333411,2.197209022,0,8,3.62,1,1,1,0,1,1,1,1,1,1,0.5,0.776,0
0,Island,W,VGF,VGF2009,2009,Left,Party,NA,0,1,0,1,63,14,22.22,20,31.75,S,L,20,31.75,S,L,1,F,7.93,2.197295686,0.847234371,0,-0.143071097,0.847234371,0,10,4.18,1,0.056,1,0.325,0.695002319,1,1,1,1,1,0.75,0.664,0
0,Island,W,VGF,VGF2013,2013,Left,Party,NA,0,0,0,0,63,7,11.11,9,14.29,S,L,19,30.16,F,R,0,F,-11.11,0.510885604,0.546499496,1.098845595,-0.246163538,0.546499496,0,14,4.42,1,1,0,0.484,1,1,1,1,1,1,1,0.616,0
0,Slovakien,C,ZRS,ZRS1994,1994,Left,Party,2004,0,1,0,1,150,13,8.67,18,12,SV,L,61,40.67,HZDS,R,0,F,0,1.945644399,-1.609189882,1.259079187,0.279731078,-1.609189882,-1.88892096,0,4.41,1,0.867,0.501246883,0,0.83029871,0.318550054,0.318550054,0.154307282,0.610186549,0.610186549,0,0.618,0
