country,countryname,region,rightleft,e_year,euryear,eulength,party,party_name,partyabbrev,eur,logeur2,natmean,time,rivals,rivals2,rival_p,votes,votes2,vote_ch,EUopinion,EUopinion2,govopp,govopp2,lrecon,lrcult,logcult2,logcult3,logcult4
11,Sweden,1,0,2010,1995,15,11710,Sweden Democrats,SD,-2.94,0,1.46,2010,3.29,4.17,M,5.7,2.93,5.7,55.7,11.8,0,0,3.3,4.615128438,2.355301592,4.919881651,4.615128438
13,Denmark,1,0,1975,1973,2,13951,Progress Party,FP,0.51,1.08,-0.62,1975,0,0,V,13.58,15.89,-2.31,40.6,46.6,0,0,4.58,3.215349614,1.250814789,2.208304194,3.215349614
13,Denmark,1,0,1977,1973,4,13951,Progress Party,FP,0,0.51,-0.63,1977,0,0,V,14.61,13.58,1.03,36.4,44.4,0,0,3.38,2.420368129,3.304686481,2.189544891,2.420368129
13,Denmark,1,0,1979,1973,6,13951,Progress Party,FP,0,0,-0.5,1979,0,0,V,11.01,14.61,-3.6,38.9,41.8,0,0,2.27,1.0979454,1.0979454,1.0979454,1.0979454
13,Denmark,1,0,1981,1973,8,13951,Progress Party,FP,0,0,-0.17,1981,0,0,V,8.91,11.01,-2.1,35.2,36.7,0,0,2.28,0,1.613031448,1.613031448,0
13,Denmark,1,0,1984,1973,11,13951,Progress Party,FP,0,0,-0.15,1984,2.2,0,V,3.59,8.91,-5.32,38.1,32.4,0,0,4.96,0,1.947965179,1.947965179,0
13,Denmark,1,0,1987,1973,14,13951,Progress Party,FP,-1.61,0,-0.38,1987,0,2.2,V,4.77,3.59,1.18,42.6,43.6,0,0,2.51,3.433909782,3.496992292,1.490058895,3.433909782
13,Denmark,1,0,1988,1973,15,13951,Progress Party,FP,0,-1.61,0.09,1988,0,0,V,8.96,4.77,4.19,40.3,35.8,0,0,3.43,1.607435909,3.043569603,1.943764993,1.607435909
13,Denmark,1,0,1990,1973,17,13951,Progress Party,FP,0,0,0.74,1990,4.53,0,V,6.44,8.96,-2.52,44.9,45.9,0,0,2.05,1.097545053,3.044484342,2.564672396,1.097545053
13,Denmark,1,0,1994,1973,21,13951,Progress Party,FP,1.73,0,0.16,1994,0,4.53,V,6.43,6.44,-0.01,61.9,54.6,0,0,3.35,2.834436123,1.368457679,1.024678715,2.834436123
13,Denmark,1,0,1998,1973,25,13720,Danish Peoples Party,DF,-3.04,,0.02,1998,0,0,V,7.41,,7.41,49.8,35.2,0,0,3.04,3.21897182,1.887086617,3.496604526,3.21897182
13,Denmark,1,0,1998,1973,25,13951,Progress Party,FP,-1.61,1.73,-0.14,1998,0,0,V,2.42,6.43,-4.01,49.8,24.3,0,0,3.22,2.708050201,3.044522438,3.044522438,2.708050201
13,Denmark,1,0,2001,1973,28,13720,Danish Peoples Party,DF,-1.61,-3.04,0.02,2001,0,0,V,12,7.41,4.59,54.2,23.3,0,0,0,2.833213344,2.944438979,2.944438979,2.833213344
13,Denmark,1,0,2005,1973,32,13720,Danish Peoples Party,DF,-1.95,-1.61,-0.13,2005,0,0,V,13.25,12,1.25,61.5,27.1,0,0,1.95,3.044636717,3.496677244,3.496677244,3.044636717
13,Denmark,1,0,2007,1973,34,13720,Danish Peoples Party,DF,-1.3,-1.95,0.27,2007,0,0,V,13.86,13.25,0.61,61.2,,0,0,0,3.135320288,2.564082951,1.665207824,3.135320288
13,Denmark,1,0,2011,1973,38,13720,Danish Peoples Party,DF,-3.81,-1.3,0.48,2011,0,0,V,12.3,13.86,-1.56,66.4,40.6,0,0,1.95,5.030799947,5.533629776,5.476639269,5.030799947
14,Finland,1,0,1995,1995,0,14820,Finnish Rural Party,SMP,0,0,0.75,1995,1.95,1.1,KESK,1.3,4.85,-3.55,44.5,30.7,0,0,0.51,3.295873902,1.824279675,1.351107264,3.295873902
14,Finland,1,0,1999,1995,4,14820,True Finns,PS,-2.4,0,1.03,1999,3.43,1.95,KESK,0.99,1.3,-0.31,44,46.7,0,0,0.57,3.610344776,4.174254953,2.864903355,3.610344776
14,Finland,1,0,2003,1995,8,14820,True Finns,PS,-2.4,-2.4,0.2,2003,0.85,3.43,KESK,1.57,0.99,0.58,41.9,33.5,0,0,0.57,3.610344776,4.174254953,2.864903355,3.610344776
14,Finland,1,0,2007,1995,12,14820,True Finns,PS,-4.86,-2.4,1.41,2007,2.28,0.85,KESK,4.05,1.57,2.48,42,25,0,0,-0.46,3.783494361,2.883417547,4.061217422,3.783494361
14,Finland,1,0,2011,1995,16,14820,True Finns,PS,-2.87,-4.86,1.42,2011,3.04,2.28,KESK,19.05,4.05,15,45.8,25.3,0,0,-0.77,2.398632368,2.040503963,2.580685739,2.398632368
21,Belgium,1,0,1978,1957,21,21914,Flemish Bloc,VB,2.71,,2.28,1978,3.93,3.85,CVP,1.37,,1.37,73.6,,0,0,0.59,1.69316332,0.261608661,1.404730316,1.69316332
21,Belgium,1,0,1981,1957,24,21914,Flemish Bloc,VB,2.71,2.71,2.33,1981,4.92,3.93,CVP,1.1,1.37,-0.27,69.7,,0,0,0.59,1.69316332,0.261608661,1.404730316,1.69316332
21,Belgium,1,0,1985,1957,28,21914,Flemish Bloc,VB,2.71,2.71,3.34,1985,3.71,4.92,CVP,1.41,1.1,0.31,63.9,,0,0,0.59,1.69316332,0.261608661,1.404730316,1.69316332
21,Belgium,1,0,1987,1957,30,21914,Flemish Bloc,VB,2.71,2.71,3.26,1987,4.32,3.71,CVP,1.9,1.41,0.49,69.9,,0,0,0.59,1.69316332,0.261608661,1.404730316,1.69316332
21,Belgium,1,0,1991,1957,34,21914,Flemish Bloc,VB,2.71,2.71,3.37,1991,4.2,4.32,CVP,6.58,1.9,4.68,73.5,67.1,0,0,0.59,1.69316332,0.261608661,1.404730316,1.69316332
21,Belgium,1,0,1995,1957,38,21914,Flemish Bloc,VB,3.85,2.71,2.85,1995,3.93,4.2,CVP,7.83,6.58,1.25,66,53,0,0,0.64,-0.605110905,-1.359812674,-0.495390116,-0.605110905
21,Belgium,1,0,1999,1957,42,21914,Flemish Bloc,VB,3.85,3.85,2.35,1999,3.52,3.93,CVP,9.87,7.83,2.04,54.8,31.6,0,0,0.64,-0.605110905,-1.359812674,-0.495390116,-0.605110905
21,Belgium,1,0,2003,1957,46,21914,Flemish Bloc,VB,3.85,3.85,2.77,2003,2.4,3.52,CVP,11.68,9.87,1.81,61.2,40.2,0,0,0.64,-0.605110905,-1.359812674,-0.495390116,-0.605110905
21,Belgium,1,0,2007,1957,50,21914,Flemish Interest,VB,-0.32,3.85,2.83,2007,1.22,2.4,CVP,11.99,11.68,0.31,65.6,42.3,0,0,0.02,3.079774447,1.681988289,2.144470095,3.079774447
21,Belgium,1,0,2010,1957,53,21914,Flemish Interest,VB,0.31,-0.32,3.04,2010,3.56,1.22,CVP,7.76,11.99,-4.23,67.4,49.2,0,0,0.94,0.654416726,1.480235544,1.578114981,0.654416726
22,Netherlands,1,0,1994,1957,37,22711,Centre Democrats,,0,,0.42,1994,0.85,0.9,VVD,2.5,0.9,2.5,87.1,62.8,0,0,-0.57,5.407232759,2.534711017,5.659599282,5.407232759
22,Netherlands,1,0,2002,1957,45,22720,List Pim Fortuyn,LPF,1.1,,3.29,2002,4.42,1.23,VVD,17,,17,75.4,,0,0,1.76,2.197335683,0.999781679,0.747555826,2.197335683
22,Netherlands,1,0,2003,1957,46,22720,List Pim Fortuyn,LPF,0.63,1.1,2.01,2003,2.57,4.42,VVD,5.71,17,-11.29,74.2,,1,1,2.45,1.903638887,0.879369869,2.18276108,1.903638887
22,Netherlands,1,0,2006,1957,49,22722,Party of Freedom,PVV,-2.83,,1.1,2006,2.12,2.57,VVD,5.89,,5.89,72.4,,0,0,2.71,3.245225165,3.791769418,3.265778646,3.245225165
22,Netherlands,1,0,2010,1957,53,22722,Party of Freedom,PVV,-4.29,-2.83,1.66,2010,0.05,2.12,VVD,15.45,5.89,9.56,75.7,40.5,0,0,1.39,2.947305592,1.953897592,3.414320278,2.947305592
22,Netherlands,1,0,2012,1957,55,22722,Party of Freedom,PVV,-4.29,-4.29,0.94,2012,0.32,0.05,VVD,10.08,15.45,-5.37,69.4,,0,0,0.57,4.062050839,2.213608923,3.631749075,4.062050839
23,Luxembourg,1,0,2009,1957,52,23951,Alternative Democatic Reform Party,ADR,-1.61,,0.32,2009,0,4.14,DP,8.13,9.9,8.13,78.4,75,0,0,0.45,1.534996741,0.479078102,1.189363537,1.534996741
23,Luxembourg,1,0,2013,1957,56,23951,Alternative Democatic Reform Party,ADR,-1.11,-1.61,1.7,2013,1.45,0,DP,6.64,8.13,-1.49,77,40.8,0,0,0.87,1.894015319,0.751882313,1.773035893,1.894015319
31,France,1,0,1986,1957,29,31720,National Front,FN,0.87,,0.62,1986,1.95,0,UDR,9.83,0.2,9.83,61.9,62.1,0,0,3.31,2.846759589,1.5818855,3.069014046,2.846759589
31,France,1,0,1988,1957,31,31720,National Front,FN,0,0.87,0.99,1988,2.39,1.95,UDR,9.79,9.83,-0.04,74.8,69.3,0,0,1,3.736201827,2.715066022,4.021594518,3.736201827
31,France,1,0,1993,1957,36,31720,National Front,FN,0,0,0.34,1993,0,2.39,RPR,12.68,9.79,2.89,67.5,53.7,0,0,1,3.736201827,2.715066022,4.021594518,3.736201827
31,France,1,0,1997,1957,40,31720,National Front,FN,-1.1,0,1.58,1997,1.95,0,RPR,14.93,12.68,2.25,55.5,26.4,0,0,0.31,3.891820298,4.290459441,4.204692619,3.891820298
31,France,1,0,2002,1957,45,31720,National Front,FN,-2.4,-1.1,2.55,2002,2.2,1.95,UMP,11.12,14.93,-3.81,50.7,25.1,0,0,-0.22,4.778585535,1.737704097,3.590127762,4.778585535
31,France,1,0,2007,1957,50,31720,National Front,FN,-4.98,-2.4,3.32,2007,3.41,2.2,UMP,4.29,11.12,-6.83,50.4,18.9,0,0,0.85,1.051657251,0.650973082,1.051657251,1.051657251
31,France,1,0,2012,1957,55,31720,National Front,FN,-3.43,-4.98,3.17,2012,3.43,3.41,UMP,13.6,4.29,9.31,4.2,17.2,0,0,-0.33,4.44255243,2.306233787,3.147826378,4.44255243
32,Italy,1,0,1976,1957,19,32710,Italian Social Movement-National Right,MSI-DN,1.1,0,1.8,1976,3.04,3.22,DC,6.11,8.67,-2.56,80,79.8,0,0,0,1.099278733,1.098834338,1.610237593,1.099278733
32,Italy,1,0,1979,1957,22,32710,Italian Social Movement-National Right,MSI-DN,0,1.1,2.39,1979,1.1,3.04,DC,5.26,6.11,-0.85,75,74.8,0,0,0,0,1.609237892,1.609237892,0
32,Italy,1,0,1983,1957,26,32710,Italian Social Movement-National Right,MSI-DN,2.2,0,1.98,1983,2.94,1.1,DC,6.8,5.26,1.54,76.3,76.2,0,0,0.29,1.608404875,0.534149861,1.300893237,1.608404875
32,Italy,1,0,1987,1957,30,32710,Italian Social Movement-National Right,MSI-DN,-1.1,2.2,2.06,1987,2.91,2.94,DC,5.92,6.8,-0.88,77.8,74.3,0,0,0,1.609757861,2.398258843,2.398258843,1.609757861
32,Italy,1,0,1992,1957,35,32710,Italian Social Movement-National Right,MSI-DN,0,-1.1,1.46,1992,4.74,2.91,DC,5.37,5.92,-0.55,81.6,76.9,0,0,0,-1.735067738,0,0.111162488,-1.735067738
32,Italy,1,0,1992,1957,35,32720,Northern League,LN,3.3,,1.16,1992,4.74,2.91,DC,8.66,,8.66,81.6,,0,0,0.46,3.808136963,0.074382801,1.097324296,3.808136963
32,Italy,1,0,1994,1957,37,32710,National Alliance,AN,0.15,0,1.65,1994,3.56,4.74,FI,13.48,5.37,8.11,75.3,,0,0,-0.24,4.370078034,1.534249821,3.725842139,4.370078034
32,Italy,1,0,1994,1957,37,32720,Northern League,LN,3.3,3.3,1.36,1994,3.56,4.74,FI,8.62,8.66,-0.04,75.3,,0,0,0.46,3.808136963,0.074382801,1.097324296,3.808136963
32,Italy,1,0,1996,1957,39,32710,National Alliance,AN,0,0.15,1.26,1996,0,3.56,FI,15.67,13.48,2.19,76.5,72,0,1,0,1.947223573,-1.548423013,1.947223572,1.947223573
32,Italy,1,0,1996,1957,39,32720,Northern League,LN,4.17,3.3,0.85,1996,0,3.56,FI,10.07,8.62,1.45,76.5,64.8,0,1,1.38,0.343889795,-0.398806993,2.401938685,0.343889795
32,Italy,1,0,2001,1957,44,32710,National Alliance,AN,1.95,0,2.83,2001,1.95,0,FI,12.01,15.67,-3.66,71,63.2,0,0,2.87,3.971042574,0.712776461,1.895801644,3.971042574
32,Italy,1,0,2001,1957,44,32720,Northern League,LN,1.95,4.17,2.83,2001,1.95,0,FI,3.94,10.07,-6.13,71,53.2,0,0,2.87,3.971042574,0.712776461,1.895801644,3.971042574
32,Italy,1,0,2006,1957,49,32710,National Alliance,AN,1.61,1.95,4.5,2006,1.61,1.95,FI,12.01,12.01,0,63.3,62.5,1,1,2.71,3.366868152,2.981039297,4.076981357,3.366868152
32,Italy,1,0,2006,1957,49,32720,Northern League,LN,1.61,1.95,4.5,2006,1.61,1.95,FI,4.51,3.94,0.57,63.3,11.1,1,1,2.71,3.366868152,2.981039297,4.076981357,3.366868152
32,Italy,1,0,2008,1957,51,32720,Northern League,LN,0,1.61,0.76,2008,0,1.61,PdL,8.07,4.51,3.56,54.8,,0,0,-1.8,3.663597544,4.369584552,4.369584552,3.663597544
32,Italy,1,0,2013,1957,56,32720,Northern League,LN,2.56,0,0.9,2013,2.56,0,PdL,3.86,8.07,-4.21,46.1,42.6,0,1,1.08,1.60743591,0.302510997,3.135841982,1.60743591
34,Greece,1,0,2007,1981,26,34710,Popular Orthodox Rally,LAOS,0.08,,0.19,2007,0,3.85,ND,3.8,2.2,3.8,58.6,,0,0,-0.34,3.732913871,2.821323317,3.040002339,3.732913871
34,Greece,1,0,2012,1981,31,34710,Popular Orthodox Rally,LAOS,-0.59,,-0.35,2012,0,0,ND,2.9,5.63,-2.73,46,41.9,0,0,0.65,5.153548211,1.504773142,5.379975691,5.153548211
34,Greece,1,0,2012,1981,31,34720,Golden Dawn,XA,-1.1,,-0.28,2012,0,0,ND,6.97,0.3,6.97,46,,0,0,0.17,1.314316323,1.2831575,1.472976271,1.314316323
34,Greece,1,0,2012,1981,31,34730,Independent Greeks,ANEL,0.59,,-0.52,2012,0,0,ND,10.61,,10.61,46,,0,0,-1.1,4.042805624,4.042805624,4.042805624,4.042805624
34,Greece,1,0,2012,1981,31,34720,Golden Dawn,XA,-1.1,-1.1,1.1,2012,0,0,ND,6.92,6.97,-0.05,46,,0,0,0.17,1.314316323,1.2831575,1.472976271,1.314316323
34,Greece,1,0,2012,1981,31,34730,Independent Greeks,ANEL,0.59,0.59,0.82,2012,0,0,ND,7.51,10.61,-3.1,46,,0,0,-1.1,4.042805624,4.042805624,4.042805624,4.042805624
34,Greece,1,0,2015,1981,34,34720,Golden Dawn,XA,0,-1.1,0.74,2015,1.1,0,ND,6.14,6.92,-0.78,37.4,,0,0,-1.1,2.099256519,2.358947914,2.610185991,2.099256519
34,Greece,1,0,2015,1981,34,34730,Independent Greeks,ANEL,0,0.59,0.74,2015,1.1,0,ND,4.63,7.51,-2.88,37.4,,0,0,1.1,3.433948494,3.433948494,3.433948494,3.433948494
41,Germany,1,0,2013,1957,56,41953,Alternative for Germany,AfD,-1.95,,1.23,2013,1.1,1.02,CDU,4.7,,4.7,60.2,,0,0,3.04,1.609464577,0.76214767,1.098625621,1.609464577
42,Austria,1,0,1995,1995,0,42420,Freedom Movement,,-1.1,-2.04,1.06,1995,1.1,3.89,OVP,21.89,22.5,-0.61,36.3,,0,0,4.29,3.136458967,3.664197341,3.664197341,3.136458967
42,Austria,1,0,1999,1995,4,42420,Austrian Freedom Party,FPO,0.28,-1.1,1.37,1999,2.99,1.1,OVP,26.91,21.89,5.02,35.5,21.7,0,0,0.86,1.502208513,0.683885014,1.563426549,1.502208513
42,Austria,1,0,2002,1995,7,42420,Austrian Freedom Party,FPO,4.63,0.28,2.56,2002,4.37,2.29,OVP,10.01,26.91,-16.9,41.3,28.2,0,0,0.31,2.209119273,0.232126386,2.347214875,2.209119273
42,Austria,1,0,2006,1995,11,42420,Austrian Freedom Party,FPO,0.13,4.63,3.1,2006,5.37,4.37,OVP,11.04,10.01,1.03,38.7,19,0,1,0.54,4.233961566,1.227926425,4.672969012,4.233961566
42,Austria,1,0,2006,1995,11,42710,Alliance for the Future of Austria,BZO,-0.23,,3.19,2006,5.37,4.37,OVP,4.11,,4.11,38.7,,1,1,-0.81,1.672959537,1.642944896,2.779345125,1.672959537
42,Austria,1,0,2008,1995,13,42420,Austrian Freedom Party,FPO,-1.3,0.13,1.62,2008,2.78,5.37,OVP,17.54,11.04,6.5,36,,0,0,-0.31,1.300652726,0.98686772,1.73943214,1.300652726
42,Austria,1,0,2008,1995,13,42710,Alliance for the Future of Austria,BZO,-0.51,-0.23,1.47,2008,2.78,5.37,OVP,10.7,4.11,6.59,36,,0,0,-1.38,0,0,0,0
51,United Kingdom,1,0,2015,1973,42,51951,United Kingdom Independence Party,UKIP,-3.16,,0.95,2015,-2.05,-0.36,Con,12.629,3.1,12.629,33.5,,0,0,-0.23,5.533362617,2.066620505,5.948131068,5.533362617
80,Bulgaria,0,0,2009,2007,2,80710,National Union Attack,ATAKA,0,-1.61,1.41,2009,1.1,1.95,GERB,9.364,8.137,1.227,54.9,32.6,0,0,0,2.564980126,1.223601348,2.833319221,2.564980126
80,Bulgaria,0,0,2013,2007,6,80710,National Union Attack,ATAKA,-1.84,0,1.96,2013,2.09,1.1,GERB,7.298,9.364,-2.066,51.5,41.5,0,0,-1.7,2.850198493,1.017912654,3.862890419,2.850198493
82,Czech Republic,0,0,2013,2004,9,82720,Tomio Okamura's Dawn of Direct Democracy,Úsvit,-2.4,,1.53,2013,-1.22,0.47,ODS,6.888,,6.888,28.6,,0,0,1.06,3.663679587,0.802453793,2.853540451,3.663679587
83,Estonia,0,0,2015,2004,11,83720,Conservative People's Party of Estonia,EKRE,-1.61,,2.22,2015,2.62,2.71,ER,8.146,,8.146,55.4,,0,0,0.58,4.920571988,1.443767745,4.238311821,4.920571988
86,Hungary,0,0,2010,2004,6,86710,Movement for a Better Hungary,Jobbik,-1.01,,2.49,2010,2.4,2.94,FiDeSz-MPSz,12.18,2.2,12.18,37.1,31,0,0,-0.79,2.784142109,1.181243448,2.869704783,2.784142109
86,Hungary,0,0,2014,2004,10,86710,Movement for a Better Hungary,Jobbik,-1.78,-1.01,2.58,2014,-1.95,2.4,FiDeSz-MPSz,20.583,12.18,8.403,34.8,,0,0,-0.79,3.679005226,0.945325772,3.234913556,3.679005226
87,Latvia,0,0,2006,2004,2,87723,For Fatherland and Freedom - Latvian National Independence Movement,TB-LNNK,0,1.1,0.55,2006,0,1.61,JL,6.941,5.392,1.549,40.6,,0,1,0.85,3.295829458,2.197483872,3.295829459,3.295829458
87,Latvia,0,0,2010,2004,6,87723,National Alliance ‘All For Latvia!' – ‘For Fatherland and Freedom - Latvian National Independence Movement',NA,1.1,0,0.4,2010,1.61,0,Unity,7.835,6.941,0.894,31.2,29.9,1,1,1.95,1.563345129,1.608709082,1.608709082,1.563345129
88,Lithuania,0,0,2008,2004,4,88460,Order and Justice,PTT,3.04,,3.3,2008,5.16,2.4,TS-LKD,12.677,11.4,12.677,63.1,,0,0,-0.25,1.239782935,0.825881841,1.266386332,1.239782935
88,Lithuania,0,0,2012,2004,8,88460,Order and Justice,PTT,1.61,3.04,1.61,2012,2.33,5.16,TS-LKD,7.631,12.677,-5.046,56.2,,0,0,-0.26,3.356348268,2.343522435,2.776135177,3.356348268
92,Poland,0,0,2005,2004,1,92436,Law and Justice,PiS,0.51,-3.04,0.63,2005,0,0,PO,26.987,9.501,17.486,52.5,,0,0,0.85,3.610782768,-0.043076041,4.343758668,3.610782768
92,Poland,0,0,2005,2004,1,92713,League of Polish Families,LPR,-2.2,-3.22,1.09,2005,0,0,PO,7.969,7.875,0.094,52.5,,0,0,-1.67,4.343846978,2.872800873,4.488618392,4.343846978
92,Poland,0,0,2007,2004,3,92436,Law and Justice,PiS,-0.48,0.51,3.13,2007,4.71,0,PO,32.111,26.987,5.124,56.2,,1,1,4.44,3.76436255,0.987458404,3.614095505,3.76436255
92,Poland,0,0,2011,2004,7,92436,Law and Justice,PiS,-1.97,-0.48,1.78,2011,4.2,4.71,PO,29.89,32.111,-2.221,64.3,51,0,0,-0.48,5.754554811,0.681368426,2.610979447,5.754554811
96,Slovakia,0,0,2006,2004,2,96710,Slovak National Party,SNS,1.11,,3.74,2006,3.71,4.04,HZDS,11.733,3.3,11.733,53.5,,0,0,0.77,2.735624788,0.642319538,2.847875581,2.735624788
96,Slovakia,0,0,2010,2004,6,96710,Slovak National Party,SNS,0.48,1.11,2.27,2010,1.95,3.71,HZDS,5.08,11.733,-6.653,60.9,67.9,1,1,2.54,2.57302952,0.759858317,2.952283932,2.57302952
96,Slovakia,0,0,2012,2004,8,96710,Slovak National Party,SNS,-1.61,0.48,1.15,2012,1.61,1.95,SDKU-DS,4.55,5.08,-0.53,55.1,,0,0,2.16,3.891387551,1.412442339,4.343415736,3.891387551
97,Slovenia,0,0,2008,2004,4,97710,Slovenian National Party,SNS,-1.61,-1.95,2.86,2008,3.56,4.26,SDS,5.403,6.271,-0.868,52,,0,0,0.13,1.738020936,1.026016581,2.796113,1.738020936
97,Slovenia,0,0,2011,2004,7,97710,Slovenian National Party,SNS,-2.2,-1.61,2.78,2011,4.65,3.56,SDS,0,5.403,-5.403,51.2,39.4,0,0,-0.02,2.235210413,1.293836745,2.082436898,2.235210413
11,Sweden,1,1,1998,1995,3,11220,Left Party,V,-3.14,-2.94,1.22,1998,3.22,2.71,SAP,11.99,6.17,5.82,32.9,14.4,0,0,-2.01,0,-4.043142492,0,0
11,Sweden,1,1,2002,1995,7,11220,Left Party,V,-2.83,-3.14,1.72,2002,1.95,3.22,SAP,8.39,11.99,-3.6,37.5,14.5,0,0,-2.4,0,-2.520219215,-2.257139576,0
11,Sweden,1,1,2006,1995,11,11220,Left Party,V,-2.94,-2.83,1.48,2006,2.2,1.95,SAP,5.85,8.39,-2.54,43.2,12.3,0,0,-3.14,-1.092528805,-0.532783081,-0.600191686,-1.092528805
11,Sweden,1,1,2010,1995,15,11220,Left Party,V,0,-2.94,1.03,2010,3.85,2.2,SAP,5.6,5.85,-0.25,55.7,20,0,0,-2.4,-0.50956359,-0.792070773,-0.335930877,-0.50956359
13,Denmark,1,1,1975,1973,2,13210,Left Socialist Party,VS,-1.1,-1.03,-0.46,1975,0,1.09,SD,2.09,1.47,0.62,40.6,,0,0,-1.61,0,0,0,0
13,Denmark,1,1,1975,1973,2,13220,Danish Communist Party,DKP,-1.61,-2.7,-0.41,1975,0,1.09,SD,4.19,3.63,0.56,40.6,0,0,0,-2.42,1.121677562,1.121677562,1.121677562,1.121677562
13,Denmark,1,1,1975,1973,2,13230,Socialist Peoples Party,SF,-2.4,-2.57,-0.33,1975,0,1.09,SD,4.95,6.01,-1.06,40.6,6.6,0,0,-0.92,0,0,-1.113829254,0
13,Denmark,1,1,1977,1973,4,13210,Left Socialist Party,VS,-1.09,-1.1,-0.52,1977,0,0,SD,2.69,2.09,0.6,36.4,6.2,0,0,-1.94,0,0,0,0
13,Denmark,1,1,1977,1973,4,13220,Danish Communist Party,DKP,-1.62,-1.61,-0.47,1977,0,0,SD,3.67,4.19,-0.52,36.4,4,0,0,-2.2,0,0,0,0
13,Denmark,1,1,1977,1973,4,13230,Socialist Peoples Party,SF,-1.96,-2.4,-0.43,1977,0,0,SD,3.88,4.95,-1.07,36.4,8.7,0,0,-2.72,0,1.10856262,1.10856262,0
13,Denmark,1,1,1979,1973,6,13210,Left Socialist Party,VS,0,-1.09,-0.5,1979,0,0,SD,3.66,2.69,0.97,38.9,3.7,0,0,-1.09,1.090580117,1.090580117,-1.107532954,1.090580117
13,Denmark,1,1,1979,1973,6,13220,Danish Communist Party,DKP,-1.11,-1.62,-0.39,1979,0,0,SD,1.86,3.67,-1.81,38.9,11.4,0,0,-2.71,0,0,0,0
13,Denmark,1,1,1979,1973,6,13230,Socialist Peoples Party,SF,-1.96,-1.96,-0.3,1979,0,0,SD,5.91,3.88,2.03,38.9,3.6,0,0,-3.76,0,0,0,0
13,Denmark,1,1,1981,1973,8,13210,Left Socialist Party,VS,0,0,-0.17,1981,1.07,0,SD,2.65,3.66,-1.01,35.2,8.3,0,0,-0.84,-1.064710738,-1.064710737,-1.064710737,-1.064710738
13,Denmark,1,1,1981,1973,8,13220,Danish Communist Party,DKP,-1.09,-1.11,-0.06,1981,1.07,0,SD,1.11,1.86,-0.75,35.2,8.8,0,0,-2.4,0,0,0,0
13,Denmark,1,1,1981,1973,8,13230,Socialist Peoples Party,SF,-2.19,-1.96,0.05,1981,1.07,0,SD,11.31,5.91,5.4,35.2,4.8,0,0,-3.19,0,-2.452731224,-1.462968928,0
13,Denmark,1,1,1984,1973,11,13210,Left Socialist Party,VS,0,0,-0.15,1984,0,1.07,SD,2.66,2.65,0.01,38.1,5.9,0,0,-4.04,0,-1.613031448,0,0
13,Denmark,1,1,1984,1973,11,13220,Danish Communist Party,DKP,-1.61,-1.09,0.01,1984,0,1.07,SD,0.69,1.11,-0.42,38.1,9.7,0,0,-2.2,0,0,0,0
13,Denmark,1,1,1984,1973,11,13230,Socialist Peoples Party,SF,-3.66,-2.19,0.21,1984,0,1.07,SD,11.52,11.31,0.21,38.1,6.4,0,0,-3.89,0,-2.943554377,-1.948478277,0
13,Denmark,1,1,1987,1973,14,13221,Common Course,FK,-2.2,,-0.31,1987,0,0,SD,2.16,,2.16,42.6,3.2,0,0,-2.71,2.196424258,0.367693986,2.196424257,2.196424258
13,Denmark,1,1,1987,1973,14,13230,Socialist Peoples Party,SF,-1.95,-3.66,-0.34,1987,0,0,SD,14.58,11.52,3.06,42.6,7.4,0,0,-2.71,0,-1.608067931,-1.613190861,0
13,Denmark,1,1,1988,1973,15,13230,Socialist Peoples Party,SF,-3.3,-1.95,0.56,1988,-0.85,0,SD,13.01,14.58,-1.57,40.3,7.4,0,0,-1.02,1.435137843,-0.715869869,1.435137842,1.435137843
13,Denmark,1,1,1990,1973,17,13230,Socialist Peoples Party,SF,-3.14,-3.3,1.19,1990,0,-0.85,SD,8.3,13.01,-4.71,44.9,11.3,0,0,0.85,1.433907091,0.274433476,1.524315589,1.433907091
13,Denmark,1,1,1994,1973,21,13229,Red-Green Unity List,EL,0,,0.38,1994,0,0,SD,3.15,1.7,3.15,61.9,4.9,0,0,0,-1.736563187,-1.947340083,-1.948054283,-1.736563187
13,Denmark,1,1,1994,1973,21,13230,Socialist Peoples Party,SF,-4.11,-3.14,0.89,1994,0,0,SD,7.28,8.3,-1.02,61.9,26.3,0,0,-0.49,0.228931017,-1.730868453,-0.723179156,0.228931017
13,Denmark,1,1,1998,1973,25,13229,Red-Green Unity List,EL,-3.04,0,0.02,1998,-1.1,0,SD,2.7,3.15,-0.45,49.8,12.7,0,0,-0.79,-0.585272873,-1.096480859,-0.585272873,-0.585272873
13,Denmark,1,1,1998,1973,25,13230,Socialist Peoples Party,SF,0.2,-4.11,-0.34,1998,-1.1,0,SD,7.56,7.28,0.28,49.8,24.3,0,0,-1.1,1.103013301,-1.775666544,1.103013301,1.103013301
13,Denmark,1,1,2001,1973,28,13229,Red-Green Unity List,EL,-3.43,-3.04,0.28,2001,0.51,-1.1,SD,2.4,2.7,-0.3,54.2,15.6,0,0,-0.96,0.788642546,0.989573285,1.420474278,0.788642546
13,Denmark,1,1,2001,1973,28,13230,Socialist Peoples Party,SF,0,0.2,-0.21,2001,0.51,-1.1,SD,6.37,7.56,-1.19,54.2,34.6,0,0,-0.34,2.198113071,-0.12932457,3.367364793,2.198113071
13,Denmark,1,1,2005,1973,32,13229,Red-Green Unity List,EL,-3.81,-3.43,0.1,2005,0,0.51,SD,3.4,2.7,0.7,61.5,4.4,0,0,-1.33,-1.099233159,-2.510808197,-1.099233159,-1.099233159
13,Denmark,1,1,2005,1973,32,13230,Socialist Peoples Party,SF,-1.3,0,-0.21,2005,0,0.51,SD,5.99,6.37,-0.38,61.5,37.3,0,0,0.94,-0.848435516,-3.009223198,-2.195282306,-0.848435516
13,Denmark,1,1,2007,1973,34,13229,Red-Green Unity List,EL,-3.04,-3.81,0.52,2007,0,0,SD,2.17,3.4,-1.23,61.2,,0,0,-2.75,-3.433890424,-1.413684926,-2.833181969,-3.433890424
13,Denmark,1,1,2007,1973,34,13230,Socialist Peoples Party,SF,0,-1.3,0.08,2007,0,0,SD,13.04,5.99,7.05,61.2,,0,0,0,0,0,0,0
13,Denmark,1,1,2011,1973,38,13229,Red-Green Unity List,EL,-1.95,-3.04,0.22,2011,0,0,SD,6.68,2.17,4.51,66.4,28.2,0,0,-3.46,-4.142617132,-4.394540509,-4.142617132,-4.142617132
13,Denmark,1,1,2011,1973,38,13230,Socialist Peoples Party,SF,1.61,0,-0.29,2011,0,0,SD,9.2,13.04,-3.84,66.4,56.6,0,0,-2.48,-1.944509167,-1.624346468,-0.857969461,-1.944509167
14,Finland,1,1,1995,1995,0,14223,Left Wing Alliance,VAS,0,0,0.75,1995,1.1,1.1,SSDP,11.16,10.08,1.08,44.5,17.8,0,0,0,-1.099345353,-1.298695364,0,-1.099345353
14,Finland,1,1,1999,1995,4,14223,Left Wing Alliance,VAS,0,0,0.69,1999,0,1.1,SSDP,10.88,11.16,-0.28,44,31.8,1,1,-0.88,-0.855254558,-1.061462898,0.765305089,-0.855254558
14,Finland,1,1,2003,1995,8,14223,Left Wing Alliance,VAS,1.1,0,-0.29,2003,0,0,SSDP,9.93,10.88,-0.95,41.9,28.4,1,1,0.59,0,0,0,0
14,Finland,1,1,2007,1995,12,14223,Left Wing Alliance,VAS,1.41,1.1,0.52,2007,2.57,0,SSDP,8.82,9.93,-1.11,42,32,0,0,-0.75,0,-2.028924557,-0.254228312,0
14,Finland,1,1,2011,1995,16,14223,Left Wing Alliance,VAS,0,1.41,1.01,2011,0,2.57,SSDP,8.13,8.82,-0.69,45.8,36.7,0,0,-1.83,-0.51050506,-0.267597988,0.957863967,-0.51050506
22,Netherlands,1,1,1994,1957,37,22220,Socialist Party,SP,-0.19,,0.44,1994,0.9,3.97,PvdA,1.32,0.4,1.32,87.1,,0,0,-0.57,-1.178909374,-0.243657993,-0.025611134,-1.178909374
22,Netherlands,1,1,1998,1957,41,22220,Socialist Party,SP,-0.19,-0.19,2.09,1998,4.69,0.85,PvdA,3.53,1.32,2.21,80.4,64.8,0,0,-0.57,-1.178909374,-0.243657993,-0.025611134,-1.178909374
22,Netherlands,1,1,2002,1957,45,22220,Socialist Party,SP,-0.19,-0.19,3.43,2002,4.8,4.69,PvdA,5.9,3.53,2.37,75.4,63.2,0,0,-0.57,-1.178909374,-0.243657993,-0.025611134,-1.178909374
22,Netherlands,1,1,2003,1957,46,22220,Socialist Party,SP,-0.34,-0.19,2.13,2003,2.83,4.8,PvdA,6.33,5.9,0.43,74.2,,0,0,-0.54,0.148439303,0.054510387,0.190860395,0.148439303
22,Netherlands,1,1,2006,1957,49,22220,Socialist Party,SP,-1.46,-0.34,0.94,2006,0.92,2.83,PvdA,16.58,6.33,10.25,72.4,53.5,0,0,-0.41,0.478165879,-0.231132289,-0.349527984,0.478165879
22,Netherlands,1,1,2010,1957,53,22220,Socialist Party,SP,0,-1.46,1.18,2010,4.08,0.92,PvdA,9.83,16.58,-6.75,75.7,61.5,0,0,-0.94,0.548194628,-0.138168039,1.014091776,0.548194628
22,Netherlands,1,1,2012,1957,55,22220,Socialist Party,SP,-0.22,0,0.53,2012,2.17,4.08,PvdA,9.65,9.83,-0.18,69.4,,0,0,-1.84,-1.147771658,-0.122288039,0.008519639,-1.147771658
23,Luxembourg,1,1,1974,1957,17,23220,Communist Party of Luxembourg,KPL/PCL,-3.66,0,1.35,1974,-0.85,3.61,LSAP,8.8,13.1,-4.3,73.4,60,0,0,-1,0,-1.602292444,0,0
23,Luxembourg,1,1,1979,1957,22,23220,Communist Party of Luxembourg,KPL/PCL,-2.8,-3.66,3.76,1979,4.11,-0.85,LSAP,4.9,8.8,-3.9,78.7,66.8,0,0,-4.55,0,0,0,0
23,Luxembourg,1,1,1984,1957,27,23220,Communist Party of Luxembourg,KPL/PCL,-2.94,-2.8,2.03,1984,1.95,4.11,LSAP,4.4,4.9,-0.5,79.4,55.1,0,0,0.6,-2.197535644,-3.298913609,-2.713303047,-2.197535644
23,Luxembourg,1,1,1989,1957,32,23220,Communist Party of Luxembourg,KPL/PCL,-0.77,-2.94,0.33,1989,2.23,1.95,LSAP,4.4,4.4,0,83.4,55,0,0,1.29,-1.629436594,-5.602558577,-4.711152308,-1.629436594
23,Luxembourg,1,1,2009,1957,52,23230,The Left,,-1.1,,0.22,2009,2.71,1.61,LSAP,3.29,1.9,3.29,78.4,,0,0,-3.97,-2.949981488,-3.916015027,-3.175647523,-2.949981488
23,Luxembourg,1,1,2013,1957,56,23230,The Left,,0,-1.1,1.48,2013,2.16,2.71,LSAP,4.94,3.29,1.65,77,,0,0,-2.53,-1.021644136,-1.608548549,-1.021644136,-1.021644136
31,France,1,1,1978,1957,21,31220,French Communist Party,PCF,-2.21,-2.21,0.88,1978,0.96,1.3,PS,20.61,21.41,-0.8,65.7,41.6,0,0,-4.61,-1.810926885,-0.452218984,-2.45388812,-1.810926885
31,France,1,1,1981,1957,24,31220,French Communist Party,PCF,0,-2.21,0.52,1981,2.06,0.96,PS,16.13,20.61,-4.48,61.6,39.3,0,0,-1.3,1.61581752,0,0,1.61581752
31,France,1,1,1986,1957,29,31220,French Communist Party,PCF,-1.07,0,1,1986,2.2,2.06,PS,9.69,16.13,-6.44,61.9,45.9,0,1,-1.1,-1.114780237,-0.755312559,-0.376357977,-1.114780237
31,France,1,1,1988,1957,31,31220,French Communist Party,PCF,0,-1.07,0.99,1988,2.57,2.2,PS,11.18,9.69,1.49,74.8,59.2,0,0,-1.1,-0.351621876,0,0.198251583,-0.351621876
31,France,1,1,1993,1957,36,31220,French Communist Party,PCF,-0.51,0,0.44,1993,2.2,2.57,PS,9.14,11.18,-2.04,67.5,48.3,0,0,-2.43,0,-1.466234472,-1.098523372,0
31,France,1,1,1997,1957,40,31220,French Communist Party,PCF,-1.95,-0.51,1.73,1997,3.56,2.2,PS,9.9,9.14,0.76,55.5,39.5,0,0,-1.47,0,0.847488192,0,0
31,France,1,1,2002,1957,45,31220,French Communist Party,PCF,2.56,-1.95,1.56,2002,1.85,3.56,PS,4.91,9.9,-4.99,50.7,40.8,1,1,1.22,0,0.451985124,0.510825624,0
31,France,1,1,2007,1957,50,31220,French Communist Party,PCF,3.04,2.56,1.71,2007,3.22,1.85,PS,4.29,4.91,-0.62,50.4,28.2,0,0,-1.32,-1.613429932,-3.198536141,-0.853986849,-1.613429932
31,France,1,1,2012,1957,55,31021,Left Front,FDG,1.68,3.04,2.6,2012,2.4,3.22,PS,6.91,4.29,2.62,49.2,31.2,1,1,-2.3,0.312166866,-1.494539713,0.139261252,0.312166866
32,Italy,1,1,1976,1957,19,32210,Proletarian Unity Party for Communism (The Manifesto + Proletarian Unity Party),PdUP,0,,1.94,1976,1.61,1.1,PSI,0.76,1.31,0.76,80,,0,0,1.35,2.834154075,3.80666249,2.834154078,2.834154075
32,Italy,1,1,1976,1957,19,32220,Italian Communist Party,PCI,3.66,2.2,1.48,1976,1.61,1.1,PSI,34.37,27.15,7.22,80,70.4,0,0,0.58,-0.714078131,-0.754357225,-0.220172129,-0.714078131
32,Italy,1,1,1979,1957,22,32210,Proletarian Unity Party for Communism (The Manifesto + Proletarian Unity Party),PdUP,0,0,2.39,1979,3.66,1.61,PSI,1.37,0.76,0.61,75,,0,0,1.35,2.834154075,3.80666249,2.834154078,2.834154075
32,Italy,1,1,1979,1957,22,32220,Italian Communist Party,PCI,4.11,3.66,1.88,1979,3.66,1.61,PSI,30.38,34.37,-3.99,75,65.7,0,0,0.82,0.228478257,-1.504552074,1.003128057,0.228478257
32,Italy,1,1,1983,1957,26,32210,Proletarian Unity Party for Communism (The Manifesto + Proletarian Unity Party),PdUP,0,0,2.23,1983,3.3,3.66,PSI,0.91,1.37,-0.46,76.3,,0,0,1.35,2.834154075,3.80666249,2.834154078,2.834154075
32,Italy,1,1,1983,1957,26,32211,Proletarian Democracy,DP,0,,2.23,1983,3.3,3.66,PSI,1.47,,1.47,76.3,57.3,0,0,-0.14,2.196335292,3.135320288,2.398622281,2.196335292
32,Italy,1,1,1983,1957,26,32220,Italian Communist Party,PCI,1.95,4.11,2.01,1983,3.3,3.66,PSI,28.98,30.38,-1.4,76.3,64.5,0,0,-1,2.538040496,0.948653736,2.76669256,2.538040496
32,Italy,1,1,1987,1957,30,32211,Proletarian Democracy,DP,0,0,1.94,1987,2.2,3.3,PSI,1.66,1.47,0.19,77.8,68.2,0,0,-0.14,2.196335292,3.135320288,2.398622281,2.196335292
32,Italy,1,1,1987,1957,30,32220,Italian Communist Party,PCI,2.94,1.95,1.61,1987,2.2,3.3,PSI,26.57,28.98,-2.41,77.8,72.1,0,0,-0.79,-1.094604267,-1.949761245,-1.340107317,-1.094604267
32,Italy,1,1,1992,1957,35,32212,Communist Refoundation Party,PRC,-2.56,,1.69,1992,1.27,2.2,PSI,5.62,,5.62,81.6,73.3,0,0,-3.97,-1.605028204,-3.496531804,-2.197246799,-1.605028204
32,Italy,1,1,1992,1957,35,32220,Democratic Party of the Left,PDS,0,,1.46,1992,1.27,2.2,PSI,16.11,26.57,-10.46,81.6,86.5,0,0,0.53,-1.0979454,1.466080455,0.618973216,-1.0979454
32,Italy,1,1,1994,1957,37,32212,Communist Refoundation Party,PRC,-2.4,-2.56,1.88,1994,1.27,1.27,PSI,6.05,5.62,0.43,75.3,68.8,0,0,-1.19,-3.556296183,-1.143903421,-0.807723769,-3.556296183
32,Italy,1,1,1994,1957,37,32220,Democratic Party of the Left,PDS,2.4,0,1.44,1994,1.27,1.27,PSI,20.35,16.11,4.24,75.3,75.7,0,0,1.51,0,-2.269281702,1.097545053,0
32,Italy,1,1,1996,1957,39,32212,Communist Refoundation Party,PRC,-1.61,-2.4,1.42,1996,1.61,1.27,PDS,8.58,6.05,2.53,76.5,75.5,0,0,-1.41,-2.195779089,-1.420606875,-0.449993076,-2.195779089
32,Italy,1,1,2001,1957,44,32212,Communist Refoundation Party,PRC,-1.12,-1.61,3.06,2001,4.76,1.61,DS,5.03,8.58,-3.55,71,66.6,0,0,-0.94,-4.39636089,-2.627712396,-2.121447322,-4.39636089
32,Italy,1,1,2001,1957,44,32213,Party of Italian Communists,PdCI,4.76,,2.61,2001,4.76,1.61,DS,1.67,,1.67,71,,1,1,0.79,-0.012134701,-0.699790171,0.224836071,-0.012134701
32,Italy,1,1,2006,1957,49,32212,Communist Refoundation Party,PRC,5.94,-1.12,4.21,2006,5.94,4.76,OT,5.69,5.03,0.66,63.3,54.5,0,0,-0.75,3.711609176,-0.724139316,-0.02720814,3.711609176
32,Italy,1,1,2006,1957,49,32213,Party of Italian Communists,PdCI,5.94,4.76,4.21,2006,5.94,4.76,OT,2.25,1.67,0.58,63.3,,0,0,-0.75,3.711609176,-0.724139316,-0.02720814,3.711609176
32,Italy,1,1,2006,1957,49,32221,Rose in the Fist,RnP,5.94,,4.21,2006,5.94,4.76,OT,2.53,,2.53,63.3,,0,0,-0.75,3.711609176,-0.724139316,-0.02720814,3.711609176
32,Italy,1,1,2013,1957,56,32021,Civil Revolution,RC,-2.05,,1.28,2013,3.89,1.1,PD,2.25,,2.25,46.1,37.6,0,0,0.42,-3.4978279,-0.59767973,0.650796608,-3.4978279
32,Italy,1,1,2013,1957,56,32230,Left Ecology Freedom,SEL,-0.39,,1.32,2013,3.89,1.1,PD,3.2,3.08,3.2,46.1,52.4,0,0,0,-3.66440232,-1.670643947,0.267282128,-3.66440232
33,Spain,1,1,1986,1986,0,33220,United Left,IU,1.42,2.94,3.61,1986,5.4,3.14,PSOE,3.83,4.13,-0.3,67.3,53.3,0,0,-2.74,-2.226097018,-1.2981147,-1.02062323,-2.226097018
33,Spain,1,1,1989,1986,3,33220,United Left,IU,3.59,1.42,3.26,1989,4.99,5.4,PSOE,9.13,3.83,5.3,73.5,72.2,0,0,-5.59,-2.077596753,-1.922407848,-1.535159929,-2.077596753
33,Spain,1,1,1993,1986,7,33220,United Left,IU,0.86,3.59,2.56,1993,3.06,4.99,PSOE,9.63,9.13,0.5,73.1,72.4,0,0,-2.53,-1.959536062,-2.646442126,-2.464869743,-1.959536062
33,Spain,1,1,1996,1986,10,33220,United Left,IU,-0.16,0.86,2.59,1996,5.69,3.06,PSOE,10.54,9.63,0.91,52.9,52.4,0,0,-2.11,-3.600962083,-2.185537051,-2.063864948,-3.600962083
33,Spain,1,1,2000,1986,14,33220,United Left,IU,-1.28,-0.16,2.48,2000,4.17,5.69,PSOE,5.45,10.54,-5.09,60.1,49.4,0,0,-2.94,-5.650486477,-2.552917392,-2.184839433,-5.650486477
33,Spain,1,1,2004,1986,18,33220,United Left,IU,0.13,-1.28,2.22,2004,5.4,4.17,PSOE,4.96,5.45,-0.49,66.7,60,0,0,-1.04,-5.002162169,-1.982929059,-1.556797789,-5.002162169
33,Spain,1,1,2008,1986,22,33220,United Left,IU,-0.26,0.13,2.12,2008,5.53,5.4,PSOE,3.84,4.96,-1.12,71.7,54.2,0,0,-2.25,-1.702032707,-1.589441641,-0.408903839,-1.702032707
33,Spain,1,1,2011,1986,25,33220,United Left,IU,-2.27,-0.26,2.28,2011,4.44,5.53,PSOE,7.02,3.84,3.18,67.7,78.1,0,0,-1.63,-3.63121649,-2.232397151,-1.967780656,-3.63121649
34,Greece,1,1,1981,1981,0,34210,Communist Party of Greece,KKE,0,-1.1,0.01,1981,-3.11,-2.43,PASOK,10.94,9.36,1.58,43.9,5.2,0,0,-1.1,0,1.09887892,0,0
34,Greece,1,1,1985,1981,4,34210,Communist Party of Greece,KKE,-2.94,0,1.17,1985,1.24,-3.11,PASOK,9.89,10.94,-1.05,46.3,11,0,0,-1.73,2.202013097,3.557978884,2.713077543,2.202013097
34,Greece,1,1,1989,1981,8,34211,Progressive Left Coalition,SYN,1.1,,2.52,1989,3.95,1.24,PASOK,13.13,11.7,13.13,56.7,,0,0,1.22,1.609477911,-0.20227943,1.609477912,1.609477911
34,Greece,1,1,1989,1981,8,34211,Progressive Left Coalition,SYN,1.95,1.1,2.07,1989,3.04,3.95,PASOK,10.97,13.13,-2.16,56.7,,0,0,-0.9,1.608837735,-1.095838782,1.608837732,1.608837735
34,Greece,1,1,1990,1981,9,34211,Progressive Left Coalition,SYN,2.04,1.95,1.73,1990,2.35,3.04,PASOK,10.28,10.97,-0.69,79.1,43.2,0,1,-0.33,0.864685625,-1.603051515,1.111099072,0.864685625
34,Greece,1,1,1993,1981,12,34210,Communist Party of Greece,KKE,-4.47,,2.03,1993,2.67,2.35,PASOK,4.54,,4.54,78.5,39.4,0,0,-3.81,0.765847087,0.542833782,0.765847086,0.765847087
34,Greece,1,1,1996,1981,15,34210,Communist Party of Greece,KKE,-3.27,-4.47,2.37,1996,4.42,2.67,PASOK,5.61,4.54,1.07,67.7,28.7,0,0,-3.89,2.398622287,0.904534238,1.299476801,2.398622287
34,Greece,1,1,1996,1981,15,34211,Progressive Left Coalition,SYN,0.85,,1.54,1996,4.42,2.67,PASOK,5.12,2.9,5.12,67.7,61.3,0,0,-1.95,-1.0979454,-1.945052639,-1.0979454,-1.0979454
34,Greece,1,1,2000,1981,19,34210,Communist Party of Greece,KKE,-4.14,-3.27,2.79,2000,4.07,4.42,PASOK,5.53,5.61,-0.08,62.4,30.5,0,0,-4.08,3.046330324,1.58330459,1.428527498,3.046330324
34,Greece,1,1,2000,1981,19,34211,Progressive Left Coalition,SYN,0.21,0.85,1.34,2000,4.07,4.42,PASOK,3.2,5.12,-1.92,62.4,55.5,0,0,-0.8,-0.521045582,-1.680476643,-2.308397311,-0.521045582
34,Greece,1,1,2004,1981,23,34020,Coalition of the Radical Left,SYRIZA,0,0.21,1.34,2004,2.89,4.07,PASOK,3.26,3.2,0.06,64.8,72.8,0,0,-2.94,-2.197224577,-2.564949357,-2.709116299,-2.197224577
34,Greece,1,1,2004,1981,23,34210,Communist Party of Greece,KKE,-2.71,-4.14,2.25,2004,2.89,4.07,PASOK,5.9,5.53,0.37,64.8,33.3,0,0,-1.1,1.607516066,0.620667608,1.607516067,1.607516066
34,Greece,1,1,2007,1981,26,34020,Coalition of the Radical Left,SYRIZA,-1.1,0,0.49,2007,2.98,2.89,PASOK,5.05,3.26,1.79,58.6,66.7,0,0,-1.95,-1.10021101,-1.10021101,-1.611356072,-1.10021101
34,Greece,1,1,2007,1981,26,34210,Communist Party of Greece,KKE,-1.1,-2.71,0.49,2007,2.98,2.89,PASOK,8.15,5.9,2.25,58.6,38.9,0,0,0,2.564918589,2.564918588,2.564918588,2.564918589
34,Greece,1,1,2009,1981,28,34020,Coalition of the Radical Left,SYRIZA,-1.1,-1.1,0.33,2009,2.94,2.98,PASOK,4.6,5.05,-0.45,51.4,39.3,0,0,-1.61,-1.609117862,-0.510772275,-1.945567233,-1.609117862
34,Greece,1,1,2009,1981,28,34210,Communist Party of Greece,KKE,-1.95,-1.1,0.62,2009,2.94,2.98,PASOK,7.54,8.15,-0.61,51.4,21.7,0,0,0,0,0,0,0
34,Greece,1,1,2012,1981,31,34020,Coalition of the Radical Left,SYRIZA,-2.66,-1.1,-0.06,2012,1.1,2.94,PASOK,16.78,4.6,12.18,46,45.9,0,0,-2.23,-3.222230188,-2.449274058,-2.106433079,-3.222230188
34,Greece,1,1,2012,1981,31,34210,Communist Party of Greece,KKE,-4.74,-1.95,0.24,2012,1.1,2.94,PASOK,8.48,7.54,0.94,46,22.2,0,0,-3.93,3.663002513,3.663002515,3.663002515,3.663002513
34,Greece,1,1,2012,1981,31,34213,Democratic Left,DIMAR,4.34,,-1.06,2012,1.1,2.94,PASOK,6.11,,6.11,46,,0,0,1.26,-2.660308819,-0.646173997,0.505334725,-2.660308819
34,Greece,1,1,2012,1981,31,34020,Coalition of the Radical Left,SYRIZA,3.66,-2.66,0.31,2012,2.2,1.1,PASOK,26.89,16.78,10.11,46,45.9,0,0,-0.48,2.388613136,-2.513519972,2.602926902,2.388613136
34,Greece,1,1,2012,1981,31,34210,Communist Party of Greece,KKE,-4.17,-4.17,1.62,2012,2.2,1.1,PASOK,4.5,8.48,-3.98,46,22.2,0,0,-2.94,1.094805051,1.09480505,1.09480505,1.094805051
34,Greece,1,1,2012,1981,31,34213,Democratic Left,DIMAR,4.34,4.34,0.2,2012,2.2,1.1,PASOK,6.26,6.11,0.15,46,,0,0,1.26,-2.660308819,-0.646173997,0.505334725,-2.660308819
34,Greece,1,1,2015,1981,34,34210,Communist Party of Greece,KKE,-2.56,-4.17,1.17,2015,4.63,2.2,PASOK,5.34,4.5,0.84,37.4,,0,0,0,2.19700233,2.19700233,2.19700233,2.19700233
34,Greece,1,1,2015,1981,34,34020,Coalition of the Radical Left - Unionist Social Front,SYRIZA-EKN,1.1,3.66,0.56,2015,4.63,2.2,PASOK,36.34,26.89,9.45,37.4,,0,0,0.66,0,-1.606714207,-1.096343049,0
34,Greece,1,1,2015,1981,34,34210,Communist Party of Greece,KKE,-3.37,-2.56,0.19,2015,1.95,4.63,PASOK,5.42,5.34,0.08,37.4,,0,0,-3.04,0,-1.098945566,0,0
34,Greece,1,1,2015,1981,34,34020,Coalition of the Radical Left - Unionist Social Front,SYRIZA-EKN,-0.94,1.1,-0.3,2015,1.95,4.63,PASOK,35.46,36.34,-0.88,37.4,,1,1,0.25,-1.314328614,-1.993035132,-0.551960709,-1.314328614
35,Portugal,1,1,1987,1986,1,35210,Popular Democratic Union,UDP,-2.83,-1.1,0.21,1987,0,2.71,PS,0.92,1.3,-0.38,69.9,31.7,0,0,0.51,0,-1.610796988,0,0
35,Portugal,1,1,1987,1986,1,35220,Portuguese Communist Party,PCP,-1.95,-1.1,0.08,1987,0,2.71,PS,11.25,14.29,-3.04,69.9,35.9,0,0,-0.51,0,0,-1.097545053,0
35,Portugal,1,1,1991,1986,5,35229,Unified Democratic Coalition,CDU,0.7,,2.78,1991,5.62,0,PS,8.96,11.25,-2.29,74.3,54.2,0,0,-0.28,-0.475554327,-1.558263472,-0.584316978,-0.475554327
35,Portugal,1,1,1995,1986,9,35220,Unified Democratic Coalition,CDU,0.43,0.7,2.08,1995,5.19,5.62,PS,8.74,8.96,-0.22,68.1,49,0,0,-1.43,-0.163774303,-1.359566046,0.05576669,-0.163774303
35,Portugal,1,1,1999,1986,13,35211,Left Bloc,BE,0,,1.74,1999,4.23,5.19,PS,2.48,,2.48,55.6,,0,0,-1.47,-2.943786133,-2.562055035,-1.942119584,-2.943786133
35,Portugal,1,1,1999,1986,13,35220,Unified Democratic Coalition,CDU,0.36,0.43,1.67,1999,4.23,5.19,PS,9.1,8.74,0.36,55.6,36.6,0,0,-1.91,-3.439943644,-1.458114923,-0.628306977,-3.439943644
35,Portugal,1,1,2002,1986,16,35211,Left Bloc,BE,-1.61,0,0.11,2002,3.36,4.23,PS,2.8,2.48,0.32,69.9,,0,0,-3.09,-1.701767034,-1.077991824,-1.294383249,-1.701767034
35,Portugal,1,1,2002,1986,16,35220,Portuguese Communist Party,PCP,-1.84,0.36,0.15,2002,3.36,4.23,PS,5.83,9.1,-3.27,69.9,54.1,0,0,-0.84,0.884279454,-0.289440288,1.466949024,0.884279454
35,Portugal,1,1,2005,1986,19,35211,Left Bloc,BE,-0.93,-1.61,0.79,2005,2.54,3.36,PS,6.54,2.8,3.74,61.3,80,0,0,-1.97,-1.868399149,-0.662566112,-0.182148427,-1.868399149
35,Portugal,1,1,2005,1986,19,35220,Portuguese Communist Party,PCP,-1.46,-1.84,0.88,2005,2.54,3.36,PS,6.51,5.83,0.68,61.3,40.4,0,0,-0.72,0.817730224,-0.307936761,1.460777483,0.817730224
35,Portugal,1,1,2009,1986,23,35211,Left Bloc,BE,-0.43,-0.83,1.13,2009,3.89,2.54,PS,10.13,6.54,3.59,53,57.1,0,0,-1.94,-4.039923574,0.440539255,0.697117251,-4.039923574
35,Portugal,1,1,2009,1986,23,35220,Portuguese Communist Party,PCP,-4.08,-1.46,1.86,2009,3.89,2.54,PS,7.08,6.51,0.57,53,43.6,0,0,-1.02,0,1.021226327,3.135152835,0
35,Portugal,1,1,2011,1986,25,35211,Left Bloc,BE,-1.17,-0.43,0.32,2011,3.61,3.89,PS,5.39,10.13,-4.74,51.7,57.7,0,0,-3.31,0,0.853039131,4.963191423,0
35,Portugal,1,1,2011,1986,25,35220,Portuguese Communist Party,PCP,-3.5,-4.08,0.79,2011,3.61,3.89,PS,7.2,7.08,0.12,51.7,50.5,0,0,-1.65,0,3.496507561,2.397895273,0
41,Germany,1,1,1990,1957,33,41221,Party of Democratic Socialism,PDS,2.2,,2.54,1990,2.4,3.43,SPD,2.43,,2.43,63,,0,0,-1.82,-3.046054597,-2.150412062,-1.656790477,-3.046054597
41,Germany,1,1,1994,1957,37,41221,Party of Democratic Socialism,PDS,1.1,2.2,3.26,1994,2.94,2.4,SPD,4.39,2.43,1.96,69.2,68.4,0,0,0.45,-1.339130715,-1.134901635,-1.064950215,-1.339130715
41,Germany,1,1,1998,1957,41,41221,Party of Democratic Socialism,PDS,1.1,1.1,0.92,1998,0,2.94,SPD,5.1,4.39,0.71,49.4,45.6,0,0,-1.52,-2.336993581,-1.130733405,-0.727644224,-2.336993581
41,Germany,1,1,2002,1957,45,41221,Party of Democratic Socialism,PDS,1.27,1.1,1.98,2002,2.63,0,SPD,3.99,5.1,-1.11,48.3,44.1,0,0,-0.49,-0.858787374,-1.109721094,-0.144233963,-0.858787374
41,Germany,1,1,2005,1957,48,41223,The Left. Party of Democratic Socialism,L-PDS,0.76,1.27,1.33,2005,1.56,2.63,SPD,8.71,3.99,4.72,56.8,45,0,0,-1.97,-1.520084948,-1.220536669,-0.906530801,-1.520084948
41,Germany,1,1,2009,1957,52,41223,The Left,LINKE,0.06,0.76,2.08,2009,3.04,1.56,SPD,11.89,8.71,3.18,60,49.1,0,0,-2.97,-1.945883765,-1.830391153,-1.436874102,-1.945883765
41,Germany,1,1,2013,1957,56,41223,The Left,LINKE,-0.22,0.06,0.58,2013,1.81,3.04,SPD,8.6,11.89,-3.29,60.2,63.4,0,0,-1.72,-2.487336927,-2.128590817,-1.793636556,-2.487336927
42,Austria,1,1,2002,1995,7,42220,Austrian Communist Party,KPO,-0.87,,4.15,2002,3.43,2.23,SPO,0.6,0.5,0,41.3,,0,0,-3.5,-2.038247851,-1.037387642,-1.238021915,-2.038247851
42,Austria,1,1,2008,1995,13,42220,Austrian Communist Party,KPO,-1.1,,1.58,2008,2.2,2.98,SPO,0.76,1,0.76,36,,0,0,-3.61,0.510892266,0.847393062,0.510892266,0.510892266
51,United Kingdom,1,1,1997,1973,24,51210,We Ourselves,SF,1.1,,1.87,1997,2.1,3.23,Lab,0.41,0.2,0.41,48.9,57.5,0,0,0.62,-0.715892364,-0.558732023,-0.413646283,-0.715892364
51,United Kingdom,1,1,2001,1973,28,51210,We Ourselves,SF,1.1,1.1,0.93,2001,4.37,2.1,Lab,0.667,0.41,0.257,43.1,69.3,0,0,0.62,-0.715892364,-0.558732023,-0.413646283,-0.715892364
51,United Kingdom,1,1,2015,1973,42,51210,We Ourselves,SF,2.56,,0.37,2015,2.98,1.62,Lab,0.573,0.6,0.573,33.5,,0,0,1.3,-4.844111495,-4.875319453,-4.844111493,-4.844111495
53,Ireland,1,1,1981,1973,8,53220,Workers Party,WP,0,,0.75,1981,1.13,0,Lab,1.72,1.7,1.72,58.7,,0,0,-0.59,0.25139046,-0.873339535,1.548699946,0.25139046
53,Ireland,1,1,1982,1973,9,53220,Workers Party,WP,0,0,0.37,1982,0,1.13,Lab,2.178,1.72,#VÄRDEFEL!,49.6,,0,0,-0.59,0.25139046,-0.873339535,1.548699946,0.25139046
53,Ireland,1,1,1982,1973,9,53220,Workers Party,WP,0,0,-0.37,1982,0,0,Lab,3.25,2.178,1.072,49.6,,0,0,-0.59,0.25139046,-0.873339535,1.548699946,0.25139046
53,Ireland,1,1,1987,1973,14,53220,Workers Party,WP,0,0,1.36,1987,1.1,0,Lab,3.785,3.25,0.535,52.6,34.3,0,0,-0.97,0,-0.670501786,0.925757971,0
53,Ireland,1,1,1989,1973,16,53220,Workers Party,WP,0,0,1.64,1989,0,1.1,Lab,4.965,3.785,1.18,67.9,51.5,0,0,-1.1,-0.486874291,-0.720678926,0.397534392,-0.486874291
53,Ireland,1,1,1992,1973,19,53221,Democratic Left Party,DLP,-0.65,,1.53,1992,3.04,0,Lab,2.78,,2.78,78.6,,0,0,-0.78,-1.819214327,-2.165950541,-1.230773969,-1.819214327
53,Ireland,1,1,1997,1973,24,53221,Democratic Left Party,DLP,1.1,-0.65,-0.2,1997,0.81,3.04,Lab,2.51,2.78,-0.27,79,72.7,1,1,-0.66,-1.101951859,0.15952382,0.586727339,-1.101951859
53,Ireland,1,1,1997,1973,24,53951,We Ourselves,SF,-1.07,,0.16,1997,0.81,0.81,Lab,2.55,1.6,2.55,79,,0,0,-1.3,0.060562347,-1.025947422,0.771417632,0.060562347
53,Ireland,1,1,2002,1973,29,53951,We Ourselves,SF,-1.07,-1.07,1.36,2002,1.58,0.81,Lab,6.514,2.55,3.964,84.1,,0,0,-1.3,0.060562347,-1.025947422,0.771417632,0.060562347
53,Ireland,1,1,2007,1973,34,53951,We Ourselves,SF,-2.66,-1.07,2.74,2007,2.71,1.58,Lab,6.942,6.514,0.428,78.2,,0,0,-1.46,2.717477639,0.507641665,0.952412136,2.717477639
53,Ireland,1,1,2011,1973,38,53021,United Left Alliance,ULA,0,,0.65,2011,1.41,2.71,Lab,2.7,0.5,2.7,74.6,,0,0,-2.94,0,0,-1.945138423,0
53,Ireland,1,1,2011,1973,38,53230,Socialist Party,,0,,0.65,2011,1.41,2.71,Lab,1.21,0.6,1.21,74.6,71.4,0,0,-3.3,0,1.099345353,0,0
53,Ireland,1,1,2011,1973,38,53951,We Ourselves,SF,-1.1,-2.66,0.83,2011,1.41,2.71,Lab,9.94,6.942,2.998,74.6,,0,0,-0.54,0.397127082,0.835261696,0.564855498,0.397127082
55,Cyprus,1,1,2006,2004,2,55321,Progressive Party of the Working People,AKEL,0,3.32,2.41,2006,3.04,3.76,EDEK,31.126,35.2,-4.074,48.5,,1,1,-0.62,2.759493369,0.083264879,0.658329422,2.759493369
55,Cyprus,1,1,2011,2004,7,55321,Progressive Party of the Working People,AKEL,2.4,0,0.76,2011,1.61,3.04,EDEK,32.669,31.126,1.543,46.3,38.1,1,1,0,-0.39276265,-0.397857,-0.321886387,-0.39276265
82,Czech Republic,0,1,2006,2004,2,82220,Communist Party of Bohemia and Moravia,KS?M,1.61,0.33,2.96,2006,4.37,2.94,CSSD,12.81,18.512,-5.702,46.2,,0,0,-1.5,-0.339333578,0.381887165,1.679146674,-0.339333578
82,Czech Republic,0,1,2010,2004,6,82220,Communist Party of Bohemia and Moravia,KS?M,0,1.61,2.56,2010,3.04,4.37,CSSD,11.27,12.81,-1.54,45,18.2,0,0,-1.65,2.568404918,0.957464946,4.111856987,2.568404918
82,Czech Republic,0,1,2013,2004,9,82220,Communist Party of Bohemia and Moravia,KS?M,0,0,1.18,2013,2.94,3.04,CSSD,14.91,11.27,3.64,28.6,,0,0,-2.29,0.450474796,0.04473142,1.605675808,0.450474796
